row_names,theta,se,Title,id,Samling,Nr,Titel,Dato,speaker_id,Date,Year,Parti,Period,n_words,month_year_id
Anders Samuelsen,0.11857691006751145,0.2288435812699509,Anders Samuelsen,20091_M20_referat,20091,20,"Referat af møde 20 den 24. november, 2009 kl. 13.00",24-11-2009,6282,2009-11-24T13:24:00Z,2009,Ny Alliance,2007-2011,367,2009_11
Anita Knakkergaard,0,0.3651483716701107,Anita Knakkergaard,20091_M12_referat,20091,12,"Referat af møde 12 den 5. november, 2009 kl. 10.00",05-11-2009,3337,2009-11-05T13:41:00Z,2009,Dansk Folkeparti,2007-2011,522,2009_11
Anne Baastrup,0,0.7071067811865476,Anne Baastrup,20091_M14_referat,20091,14,"Referat af møde 14 den 10. november, 2009 kl. 13.00",10-11-2009,4139,2009-11-10T15:01:00Z,2009,Socialistisk Folkeparti,2007-2011,943,2009_11
Anne Grete Holmsgaard,-0.17962628268587505,0.17056175474433166,Anne Grete Holmsgaard,20091_M13_referat,20091,13,"Referat af møde 13 den 6. november, 2009 kl. 10.00",06-11-2009,3772,2009-11-06T11:35:00Z,2009,Socialistisk Folkeparti,2007-2011,73,2009_11
Anne-Mette Winther Christiansen,-0.39607061889526163,0.16483419994718573,Anne-Mette Winther Christiansen,20091_M10_referat,20091,10,"Referat af møde 10 den 3. november, 2009 kl. 13.00",03-11-2009,2692,2009-11-03T16:47:00Z,2009,Venstre,2007-2011,164,2009_11
Benny Engelbrecht,-0.5565191041966986,0.1525681807241174,Benny Engelbrecht,20091_M17_referat,20091,17,"Referat af møde 17 den 18. november, 2009 kl. 13.00",18-11-2009,5437,2009-11-18T14:54:00Z,2009,Socialdemokratiet,2007-2011,132,2009_11
Bent Bøgsted,0,0.2041241452319315,Bent Bøgsted,20091_M18_referat,20091,18,"Referat af møde 18 den 19. november, 2009 kl. 10.00",19-11-2009,5813,2009-11-19T17:03:00Z,2009,Dansk Folkeparti,2007-2011,586,2009_11
Bente Dahl,-0.8582114554501565,0.34913237144662956,Bente Dahl,20091_M18_referat,20091,18,"Referat af møde 18 den 19. november, 2009 kl. 10.00",19-11-2009,5698,2009-11-19T14:50:00Z,2009,Det Radikale Venstre,2007-2011,167,2009_11
Bertel Haarder,-0.2897764686374118,0.12924681358527113,Bertel Haarder,20091_M20_referat,20091,20,"Referat af møde 20 den 24. november, 2009 kl. 13.00",24-11-2009,6650,2009-11-24T20:05:00Z,2009,Venstre,2007-2011,190,2009_11
Birgitte Josefsen,0,0.7071067811865476,Birgitte Josefsen,20091_M18_referat,20091,18,"Referat af møde 18 den 19. november, 2009 kl. 10.00",19-11-2009,5686,2009-11-19T14:31:00Z,2009,Venstre,2007-2011,218,2009_11
Bjarne Laustsen,0.22465529094536918,0.07454756782204823,Bjarne Laustsen,20091_M18_referat,20091,18,"Referat af møde 18 den 19. november, 2009 kl. 10.00",19-11-2009,5953,2009-11-19T18:51:00Z,2009,Socialdemokratiet,2007-2011,958,2009_11
Brian Mikkelsen,0,0.2,Brian Mikkelsen,20091_M19_referat,20091,19,"Referat af møde 19 den 20. november, 2009 kl. 10.00",20-11-2009,6016,2009-11-20T10:03:00Z,2009,Det Konservative Folkeparti,2007-2011,1194,2009_11
Carsten Hansen,-0.38809709141798515,0.13987924015335598,Carsten Hansen,20091_M12_referat,20091,12,"Referat af møde 12 den 5. november, 2009 kl. 10.00",05-11-2009,3378,2009-11-05T14:44:00Z,2009,Socialdemokratiet,2007-2011,690,2009_11
Charlotte Dyremose,-0.24300776402868335,0.293582040512498,Charlotte Dyremose,20091_M12_referat,20091,12,"Referat af møde 12 den 5. november, 2009 kl. 10.00",05-11-2009,3385,2009-11-05T14:56:00Z,2009,Det Konservative Folkeparti,2007-2011,375,2009_11
Christine Antorini,-0.38987138563385376,0.1716940955892517,Christine Antorini,20091_M15_referat,20091,15,"Referat af møde 15 den 11. november, 2009 kl. 13.00",11-11-2009,4484,2009-11-11T15:29:00Z,2009,Socialdemokratiet,2007-2011,178,2009_11
Claus Hjort Frederiksen,0.0978429601636116,0.16387636150799792,Claus Hjort Frederiksen,20091_M17_referat,20091,17,"Referat af møde 17 den 18. november, 2009 kl. 13.00",18-11-2009,5376,2009-11-18T14:06:00Z,2009,Venstre,2007-2011,170,2009_11
Dennis Flydtkjær,0.011949904069247078,0.2463659747900705,Dennis Flydtkjær,20091_M11_referat,20091,11,"Referat af møde 11 den 4. november, 2009 kl. 13.00",04-11-2009,3048,2009-11-04T17:10:00Z,2009,Socialdemokratiet,2007-2011,125,2009_11
Doris Jakobsen,1.2461254725531354,0.7592382143889548,Doris Jakobsen,20091_M13_referat,20091,13,"Referat af møde 13 den 6. november, 2009 kl. 10.00",06-11-2009,3867,2009-11-06T12:49:00Z,2009,Socialdemokratiet,2007-2011,58,2009_11
Eigil Andersen,0,0.24253562503633297,Eigil Andersen,20091_M16_referat,20091,16,"Referat af møde 16 den 12. november, 2009 kl. 10.00",12-11-2009,5226,2009-11-12T17:34:00Z,2009,Socialistisk Folkeparti,2007-2011,198,2009_11
Ellen Trane Nørby,1.3417770041042194,0.4080354706300119,Ellen Trane Nørby,20091_M20_referat,20091,20,"Referat af møde 20 den 24. november, 2009 kl. 13.00",24-11-2009,6419,2009-11-24T15:52:00Z,2009,Venstre,2007-2011,244,2009_11
Erling Bonnesen,0,0.16116459280507606,Erling Bonnesen,20091_M14_referat,20091,14,"Referat af møde 14 den 10. november, 2009 kl. 13.00",10-11-2009,4021,2009-11-10T13:12:00Z,2009,Venstre,2007-2011,178,2009_11
Eva Kjer Hansen,0,0.3244428422615251,Eva Kjer Hansen,20091_M23_referat,20091,23,"Referat af møde 23 den 27. november, 2009 kl. 10.00",27-11-2009,7414,2009-11-27T11:23:00Z,2009,Venstre,2007-2011,559,2009_11
Eyvind Vesselbo,-0.564560102573696,0.22836435774213026,Eyvind Vesselbo,20091_M16_referat,20091,16,"Referat af møde 16 den 12. november, 2009 kl. 10.00",12-11-2009,5100,2009-11-12T15:45:00Z,2009,Venstre,2007-2011,157,2009_11
Flemming Bonne,0,0.20203050891044214,Flemming Bonne,20091_M15_referat,20091,15,"Referat af møde 15 den 11. november, 2009 kl. 13.00",11-11-2009,4635,2009-11-11T17:29:00Z,2009,Socialistisk Folkeparti,2007-2011,88,2009_11
Flemming Damgaard Larsen,0,0.7071067811865476,Flemming Damgaard Larsen,20091_M12_referat,20091,12,"Referat af møde 12 den 5. november, 2009 kl. 10.00",05-11-2009,3359,2009-11-05T14:07:00Z,2009,Venstre,2007-2011,384,2009_11
Flemming Møller Mortensen,0.847369130464946,0.18013274008016944,Flemming Møller Mortensen,20091_M20_referat,20091,20,"Referat af møde 20 den 24. november, 2009 kl. 13.00",24-11-2009,6471,2009-11-24T17:00:00Z,2009,Socialdemokratiet,2007-2011,54,2009_11
Frank Aaen,-0.6747283098896436,0.10013870615942373,Frank Aaen,20091_M12_referat,20091,12,"Referat af møde 12 den 5. november, 2009 kl. 10.00",05-11-2009,3452,2009-11-05T15:53:00Z,2009,Enhedslisten,2007-2011,631,2009_11
Gitte Lillelund Bech,0,0.7071067811865476,Gitte Lillelund Bech,20091_M16_referat,20091,16,"Referat af møde 16 den 12. november, 2009 kl. 10.00",12-11-2009,4850,2009-11-12T11:01:00Z,2009,Venstre,2007-2011,232,2009_11
Hans Christian Schmidt,0,0.5,Hans Christian Schmidt,20091_M15_referat,20091,15,"Referat af møde 15 den 11. november, 2009 kl. 13.00",11-11-2009,4633,2009-11-11T17:28:00Z,2009,Venstre,2007-2011,239,2009_11
Hans Kristian Skibby,0,0.18569533817705186,Hans Kristian Skibby,20091_M12_referat,20091,12,"Referat af møde 12 den 5. november, 2009 kl. 10.00",05-11-2009,3516,2009-11-05T16:47:00Z,2009,Dansk Folkeparti,2007-2011,210,2009_11
Helge Adam Møller,1.3813116781102082,0.15690780447717348,Helge Adam Møller,20091_M12_referat,20091,12,"Referat af møde 12 den 5. november, 2009 kl. 10.00",05-11-2009,3398,2009-11-05T15:17:00Z,2009,Det Konservative Folkeparti,2007-2011,162,2009_11
Helle Sjelle,-0.7719826722001065,0.7023195598039621,Helle Sjelle,20091_M22_referat,20091,22,"Referat af møde 22 den 26. november, 2009 kl. 10.00",26-11-2009,7285,2009-11-26T16:05:00Z,2009,Det Konservative Folkeparti,2007-2011,436,2009_11
Henrik Brodersen,0.37189129240966756,0.16617236343415603,Henrik Brodersen,20091_M12_referat,20091,12,"Referat af møde 12 den 5. november, 2009 kl. 10.00",05-11-2009,3471,2009-11-05T16:11:00Z,2009,Dansk Folkeparti,2007-2011,165,2009_11
Henrik Dam Kristensen,0,0.30151134457776363,Henrik Dam Kristensen,20091_M12_referat,20091,12,"Referat af møde 12 den 5. november, 2009 kl. 10.00",05-11-2009,3191,2009-11-05T10:42:00Z,2009,Socialdemokratiet,2007-2011,124,2009_11
Henrik Høegh,0,0.3244428422615251,Henrik Høegh,20091_M23_referat,20091,23,"Referat af møde 23 den 27. november, 2009 kl. 10.00",27-11-2009,7367,2009-11-27T10:48:00Z,2009,Venstre,2007-2011,81,2009_11
Ib Poulsen,0,0.7071067811865476,Ib Poulsen,20091_M22_referat,20091,22,"Referat af møde 22 den 26. november, 2009 kl. 10.00",26-11-2009,7247,2009-11-26T15:08:00Z,2009,Dansk Folkeparti,2007-2011,302,2009_11
Ida Auken,0.2850843255127224,0.4863754113430816,Ida Auken,20091_M16_referat,20091,16,"Referat af møde 16 den 12. november, 2009 kl. 10.00",12-11-2009,5089,2009-11-12T15:21:00Z,2009,Socialistisk Folkeparti,2007-2011,223,2009_11
Inger Støjberg,0.109821978866602,0.10660000565478635,Inger Støjberg,20091_M22_referat,20091,22,"Referat af møde 22 den 26. november, 2009 kl. 10.00",26-11-2009,7173,2009-11-26T14:14:00Z,2009,Venstre,2007-2011,68,2009_11
Jacob Jensen,-0.22327047614010082,0.32278078287361484,Jacob Jensen,20091_M10_referat,20091,10,"Referat af møde 10 den 3. november, 2009 kl. 13.00",03-11-2009,2570,2009-11-03T13:00:00Z,2009,Venstre,2007-2011,433,2009_11
Jens Vibjerg,0.7157610119111988,0.41620153887692407,Jens Vibjerg,20091_M16_referat,20091,16,"Referat af møde 16 den 12. november, 2009 kl. 10.00",12-11-2009,5128,2009-11-12T16:10:00Z,2009,Venstre,2007-2011,83,2009_11
Jeppe Kofod,1.0140062140472255,0.6686849138885028,Jeppe Kofod,20091_M13_referat,20091,13,"Referat af møde 13 den 6. november, 2009 kl. 10.00",06-11-2009,3734,2009-11-06T10:39:00Z,2009,Socialdemokratiet,2007-2011,52,2009_11
Jesper Langballe,0,0.5773502691896257,Jesper Langballe,20091_M23_referat,20091,23,"Referat af møde 23 den 27. november, 2009 kl. 10.00",27-11-2009,7326,2009-11-27T10:06:00Z,2009,Dansk Folkeparti,2007-2011,411,2009_11
Jesper Petersen,-0.5328152175125986,0.2939435790580129,Jesper Petersen,20091_M20_referat,20091,20,"Referat af møde 20 den 24. november, 2009 kl. 13.00",24-11-2009,6274,2009-11-24T13:18:00Z,2009,Socialistisk Folkeparti,2007-2011,411,2009_11
Johanne Schmidt-Nielsen,-0.20762506470001854,0.1799980929365942,Johanne Schmidt-Nielsen,20091_M20_referat,20091,20,"Referat af møde 20 den 24. november, 2009 kl. 13.00",24-11-2009,6565,2009-11-24T18:55:00Z,2009,Enhedslisten,2007-2011,247,2009_11
John Dyrby Paulsen,0,0.5773502691896257,John Dyrby Paulsen,20091_M16_referat,20091,16,"Referat af møde 16 den 12. november, 2009 kl. 10.00",12-11-2009,4848,2009-11-12T10:59:00Z,2009,Socialdemokratiet,2007-2011,158,2009_11
Jonas Dahl,0,0.5,Jonas Dahl,20091_M15_referat,20091,15,"Referat af møde 15 den 11. november, 2009 kl. 13.00",11-11-2009,4764,2009-11-11T19:01:00Z,2009,Socialistisk Folkeparti,2007-2011,175,2009_11
Julie Skovsby,0,0.2581988897471611,Julie Skovsby,20091_M12_referat,20091,12,"Referat af møde 12 den 5. november, 2009 kl. 10.00",05-11-2009,3580,2009-11-05T17:54:00Z,2009,Socialdemokratiet,2007-2011,65,2009_11
Jørgen Poulsen,0.1699065730817786,0.2974298303234388,Jørgen Poulsen,20091_M14_referat,20091,14,"Referat af møde 14 den 10. november, 2009 kl. 13.00",10-11-2009,4132,2009-11-10T14:49:00Z,2009,Ny Alliance,2007-2011,104,2009_11
Jørn Dohrmann,-0.2558293005924594,0.28142265091409296,Jørn Dohrmann,20091_M17_referat,20091,17,"Referat af møde 17 den 18. november, 2009 kl. 13.00",18-11-2009,5436,2009-11-18T14:53:00Z,2009,Dansk Folkeparti,2007-2011,219,2009_11
Kamal Qureshi,0,0.30151134457776363,Kamal Qureshi,20091_M11_referat,20091,11,"Referat af møde 11 den 4. november, 2009 kl. 13.00",04-11-2009,2882,2009-11-04T14:25:00Z,2009,Socialistisk Folkeparti,2007-2011,231,2009_11
Karen Hækkerup,0,0.1781741612749496,Karen Hækkerup,20091_M16_referat,20091,16,"Referat af møde 16 den 12. november, 2009 kl. 10.00",12-11-2009,4963,2009-11-12T13:47:00Z,2009,Socialdemokratiet,2007-2011,111,2009_11
Karin Nødgaard,0.1919748021755912,0.2962088175063181,Karin Nødgaard,20091_M20_referat,20091,20,"Referat af møde 20 den 24. november, 2009 kl. 13.00",24-11-2009,6380,2009-11-24T15:06:00Z,2009,Dansk Folkeparti,2007-2011,171,2009_11
Karina Lorentzen Dehnhardt,-0.11595491959904358,0.1976404753436245,Karina Lorentzen Dehnhardt,20091_M16_referat,20091,16,"Referat af møde 16 den 12. november, 2009 kl. 10.00",12-11-2009,4982,2009-11-12T14:02:00Z,2009,Socialistisk Folkeparti,2007-2011,208,2009_11
Karsten Hønge,0.039859072737017054,0.4322377273959443,Karsten Hønge,20091_M10_referat,20091,10,"Referat af møde 10 den 3. november, 2009 kl. 13.00",03-11-2009,2574,2009-11-03T13:12:00Z,2009,Socialistisk Folkeparti,2007-2011,97,2009_11
Karsten Lauritzen,0,0.28867513459481287,Karsten Lauritzen,20091_M12_referat,20091,12,"Referat af møde 12 den 5. november, 2009 kl. 10.00",05-11-2009,3311,2009-11-05T13:06:00Z,2009,Venstre,2007-2011,105,2009_11
Karsten Nonbo,0,0.816496580927726,Karsten Nonbo,20091_M22_referat,20091,22,"Referat af møde 22 den 26. november, 2009 kl. 10.00",26-11-2009,7255,2009-11-26T15:23:00Z,2009,Venstre,2007-2011,295,2009_11
Kim Andersen,0,0.17149858514250885,Kim Andersen,20091_M18_referat,20091,18,"Referat af møde 18 den 19. november, 2009 kl. 10.00",19-11-2009,5493,2009-11-19T10:54:00Z,2009,Venstre,2007-2011,487,2009_11
Kim Mortensen,0,0.4264014327112209,Kim Mortensen,20091_M22_referat,20091,22,"Referat af møde 22 den 26. november, 2009 kl. 10.00",26-11-2009,7283,2009-11-26T15:57:00Z,2009,Socialdemokratiet,2007-2011,655,2009_11
Kirsten Brosbøl,-0.3819387904446416,0.3719924456163631,Kirsten Brosbøl,20091_M20_referat,20091,20,"Referat af møde 20 den 24. november, 2009 kl. 13.00",24-11-2009,6530,2009-11-24T18:12:00Z,2009,Socialdemokratiet,2007-2011,68,2009_11
Klaus Hækkerup,0,0.3922322702763681,Klaus Hækkerup,20091_M21_referat,20091,21,"Referat af møde 21 den 25. november, 2009 kl. 13.00",25-11-2009,6924,2009-11-25T16:33:00Z,2009,Socialdemokratiet,2007-2011,83,2009_11
Knud Kristensen,0,0.6324555320336759,Knud Kristensen,20091_M14_referat,20091,14,"Referat af møde 14 den 10. november, 2009 kl. 13.00",10-11-2009,4127,2009-11-10T14:37:00Z,2009,Det Konservative Folkeparti,2007-2011,294,2009_11
Kristen Touborg,0,0.6324555320336759,Kristen Touborg,20091_M21_referat,20091,21,"Referat af møde 21 den 25. november, 2009 kl. 13.00",25-11-2009,6681,2009-11-25T13:15:00Z,2009,Socialistisk Folkeparti,2007-2011,318,2009_11
Kristian Jensen,-0.77993037773609,0.22577129037049046,Kristian Jensen,20091_M21_referat,20091,21,"Referat af møde 21 den 25. november, 2009 kl. 13.00",25-11-2009,6966,2009-11-25T17:03:00Z,2009,Venstre,2007-2011,782,2009_11
Lars Christian Lilleholt,0.5370085222863249,0.2982195729998393,Christian Lilleholt,20091_M13_referat,20091,13,"Referat af møde 13 den 6. november, 2009 kl. 10.00",06-11-2009,3935,2009-11-06T13:21:00Z,2009,Venstre,2007-2011,100,2009_11
Lars Løkke Rasmussen,0,0.22941573387056177,Lars Løkke Rasmussen,20091_M15_referat,20091,15,"Referat af møde 15 den 11. november, 2009 kl. 13.00",11-11-2009,4369,2009-11-11T13:44:00Z,2009,Venstre,2007-2011,393,2009_11
Leif Lahn Jensen,0,0.3651483716701107,Leif Lahn Jensen,20091_M11_referat,20091,11,"Referat af møde 11 den 4. november, 2009 kl. 13.00",04-11-2009,2950,2009-11-04T15:55:00Z,2009,Socialdemokratiet,2007-2011,309,2009_11
Lennart Damsbo-Andersen,0.35901643634814195,0.11634660765130356,Lennart Damsbo-Andersen,20091_M17_referat,20091,17,"Referat af møde 17 den 18. november, 2009 kl. 13.00",18-11-2009,5396,2009-11-18T14:16:00Z,2009,Socialdemokratiet,2007-2011,117,2009_11
Line Barfod,-0.08876421962344372,0.10374468878506703,Barfod,20091_M16_referat,20091,16,"Referat af møde 16 den 12. november, 2009 kl. 10.00",12-11-2009,5322,2009-11-12T19:08:00Z,2009,Enhedslisten,2007-2011,61,2009_11
Lise von Seelen,0,0.44721359549995793,Lise von Seelen,20091_M22_referat,20091,22,"Referat af møde 22 den 26. november, 2009 kl. 10.00",26-11-2009,7109,2009-11-26T13:25:00Z,2009,Socialdemokratiet,2007-2011,771,2009_11
Liselott Blixt,0,0.254000254000381,Liselott Blixt,20091_M18_referat,20091,18,"Referat af møde 18 den 19. november, 2009 kl. 10.00",19-11-2009,5617,2009-11-19T13:36:00Z,2009,Dansk Folkeparti,2007-2011,238,2009_11
Lone Dybkjær,0,0.30151134457776363,Lone Dybkjær,20091_M16_referat,20091,16,"Referat af møde 16 den 12. november, 2009 kl. 10.00",12-11-2009,5010,2009-11-12T14:24:00Z,2009,Det Radikale Venstre,2007-2011,138,2009_11
Lone Møller,0,0.7071067811865476,Lone Møller,20091_M22_referat,20091,22,"Referat af møde 22 den 26. november, 2009 kl. 10.00",26-11-2009,7195,2009-11-26T14:29:00Z,2009,Socialdemokratiet,2007-2011,341,2009_11
Louise Schack Elholm,0,0.3429971702850177,Louise Schack Elholm,20091_M14_referat,20091,14,"Referat af møde 14 den 10. november, 2009 kl. 13.00",10-11-2009,4117,2009-11-10T14:24:00Z,2009,Venstre,2007-2011,174,2009_11
Mads Rørvig,0.9595511605023249,0.9182916414341107,Mads Rørvig,20091_M10_referat,20091,10,"Referat af møde 10 den 3. november, 2009 kl. 13.00",03-11-2009,2609,2009-11-03T14:11:00Z,2009,Venstre,2007-2011,169,2009_11
Maja Panduro,0,0.3779644730092272,Maja Panduro,20091_M12_referat,20091,12,"Referat af møde 12 den 5. november, 2009 kl. 10.00",05-11-2009,3522,2009-11-05T16:50:00Z,2009,Enhedslisten,2007-2011,225,2009_11
Margrethe Vestager,-0.2754058350792134,0.12916440057359393,Margrethe Vestager,20091_M15_referat,20091,15,"Referat af møde 15 den 11. november, 2009 kl. 13.00",11-11-2009,4326,2009-11-11T13:08:00Z,2009,Det Radikale Venstre,2007-2011,203,2009_11
Marianne Jelved,-0.49909841686342327,0.21589396966477017,Marianne Jelved,20091_M12_referat,20091,12,"Referat af møde 12 den 5. november, 2009 kl. 10.00",05-11-2009,3301,2009-11-05T12:00:00Z,2009,Det Radikale Venstre,2007-2011,167,2009_11
Marion Pedersen,0,0.7071067811865476,Marion Pedersen,20091_M16_referat,20091,16,"Referat af møde 16 den 12. november, 2009 kl. 10.00",12-11-2009,4814,2009-11-12T10:15:00Z,2009,Venstre,2007-2011,608,2009_11
Marlene Harpsøe,-0.5521152619326849,0.15708276795180615,Marlene Harpsøe,20091_M10_referat,20091,10,"Referat af møde 10 den 3. november, 2009 kl. 13.00",03-11-2009,2755,2009-11-03T17:47:00Z,2009,Dansk Folkeparti,2007-2011,154,2009_11
Martin Henriksen,0,0.24253562503633297,Martin Henriksen,20091_M22_referat,20091,22,"Referat af møde 22 den 26. november, 2009 kl. 10.00",26-11-2009,7115,2009-11-26T13:34:00Z,2009,Dansk Folkeparti,2007-2011,254,2009_11
Mette Frederiksen,0,0.6324555320336759,Mette Frederiksen,20091_M11_referat,20091,11,"Referat af møde 11 den 4. november, 2009 kl. 13.00",04-11-2009,2827,2009-11-04T13:41:00Z,2009,Socialdemokratiet,2007-2011,582,2009_11
Mette Gjerskov,0.9376121757025204,0.30079241321584116,Mette Gjerskov,20091_M17_referat,20091,17,"Referat af møde 17 den 18. november, 2009 kl. 13.00",18-11-2009,5350,2009-11-18T13:05:00Z,2009,Socialdemokratiet,2007-2011,72,2009_11
Michael Aastrup Jensen,0,0.6324555320336759,Michael Aastrup Jensen,20091_M22_referat,20091,22,"Referat af møde 22 den 26. november, 2009 kl. 10.00",26-11-2009,7281,2009-11-26T15:55:00Z,2009,Venstre,2007-2011,299,2009_11
Mike Legarth,-0.3020599660321467,0.162691770241246,Mike Legarth,20091_M15_referat,20091,15,"Referat af møde 15 den 11. november, 2009 kl. 13.00",11-11-2009,4703,2009-11-11T18:05:00Z,2009,Det Konservative Folkeparti,2007-2011,216,2009_11
Mikkel Dencker,-0.6150234138828978,0.4340896307737769,Mikkel Dencker,20091_M21_referat,20091,21,"Referat af møde 21 den 25. november, 2009 kl. 13.00",25-11-2009,6956,2009-11-25T16:53:00Z,2009,Dansk Folkeparti,2007-2011,257,2009_11
Mogens Jensen,1.1258960097379718,0.3430347837864225,Mogens Jensen,20091_M20_referat,20091,20,"Referat af møde 20 den 24. november, 2009 kl. 13.00",24-11-2009,6435,2009-11-24T16:05:00Z,2009,Socialdemokratiet,2007-2011,171,2009_11
Mogens Lykketoft,-0.4483608657526711,0.20955156814033593,Mogens Lykketoft,20091_M10_referat,20091,10,"Referat af møde 10 den 3. november, 2009 kl. 13.00",03-11-2009,2770,2009-11-03T18:09:00Z,2009,Socialdemokratiet,2007-2011,131,2009_11
Morten Bødskov,0,0.31622776601683794,Morten Bødskov,20091_M18_referat,20091,18,"Referat af møde 18 den 19. november, 2009 kl. 10.00",19-11-2009,5781,2009-11-19T16:42:00Z,2009,Socialdemokratiet,2007-2011,886,2009_11
Morten Østergaard,0.11427595205538363,0.1456558811364788,Morten Østergaard,20091_M19_referat,20091,19,"Referat af møde 19 den 20. november, 2009 kl. 10.00",20-11-2009,6068,2009-11-20T11:06:00Z,2009,Det Radikale Venstre,2007-2011,251,2009_11
Naser Khader,0,0.3779644730092272,Naser Khader,20091_M12_referat,20091,12,"Referat af møde 12 den 5. november, 2009 kl. 10.00",05-11-2009,3227,2009-11-05T10:56:00Z,2009,Ny Alliance,2007-2011,63,2009_11
Nick Hækkerup,-0.7624695754840725,0.44236651796523563,Nick Hækkerup,20091_M11_referat,20091,11,"Referat af møde 11 den 4. november, 2009 kl. 13.00",04-11-2009,2843,2009-11-04T13:56:00Z,2009,Socialdemokratiet,2007-2011,72,2009_11
Niels Helveg Petersen,0.8564578100761343,0.5683254111776432,Niels Helveg Petersen,20091_M13_referat,20091,13,"Referat af møde 13 den 6. november, 2009 kl. 10.00",06-11-2009,3841,2009-11-06T12:17:00Z,2009,Radikale Venstre,2007-2011,682,2009_11
Niels Sindal,0,0.5345224838248488,Niels Sindal,20091_M16_referat,20091,16,"Referat af møde 16 den 12. november, 2009 kl. 10.00",12-11-2009,4830,2009-11-12T10:30:00Z,2009,Socialdemokratiet,2007-2011,181,2009_11
Ole Hækkerup,-0.181263258526225,0.21021771754996973,Ole Hækkerup,20091_M13_referat,20091,13,"Referat af møde 13 den 6. november, 2009 kl. 10.00",06-11-2009,3926,2009-11-06T13:19:00Z,2009,Socialdemokratiet,2007-2011,130,2009_11
Ole Sohn,-0.30836610678712567,0.4166457620064852,Ole Sohn,20091_M10_referat,20091,10,"Referat af møde 10 den 3. november, 2009 kl. 13.00",03-11-2009,2664,2009-11-03T15:41:00Z,2009,Socialistisk Folkeparti,2007-2011,215,2009_11
Ole Vagn Christensen,0,0.5,Ole Vagn Christensen,20091_M21_referat,20091,21,"Referat af møde 21 den 25. november, 2009 kl. 13.00",25-11-2009,6669,2009-11-25T13:00:00Z,2009,Socialdemokratiet,2007-2011,255,2009_11
Orla Hav,0.24434902207506914,0.4007099858754085,Orla Hav,20091_M18_referat,20091,18,"Referat af møde 18 den 19. november, 2009 kl. 10.00",19-11-2009,5464,2009-11-19T10:21:00Z,2009,Socialdemokratiet,2007-2011,143,2009_11
Per Bisgaard,0,0.4264014327112209,Per Bisgaard,20091_M12_referat,20091,12,"Referat af møde 12 den 5. november, 2009 kl. 10.00",05-11-2009,3510,2009-11-05T16:41:00Z,2009,Venstre,2007-2011,57,2009_11
Per Clausen,0.8320355378703249,0.11166681881038919,Per Clausen,20091_M20_referat,20091,20,"Referat af møde 20 den 24. november, 2009 kl. 13.00",24-11-2009,6413,2009-11-24T15:48:00Z,2009,Enhedslisten,2007-2011,211,2009_11
Per Dalgaard,0.536186819833164,0.2063821145273825,Per Dalgaard,20091_M13_referat,20091,13,"Referat af møde 13 den 6. november, 2009 kl. 10.00",06-11-2009,3945,2009-11-06T13:27:00Z,2009,Dansk Folkeparti,2007-2011,126,2009_11
Per Stig Møller,2.22407930351267,0.5675895899813734,Per Stig Møller,20091_M13_referat,20091,13,"Referat af møde 13 den 6. november, 2009 kl. 10.00",06-11-2009,3751,2009-11-06T10:59:00Z,2009,Det Konservative Folkeparti,2007-2011,844,2009_11
Per Ørum Jørgensen,0.8557323886002006,0.18884328748550863,Per Ørum Jørgensen,20091_M16_referat,20091,16,"Referat af møde 16 den 12. november, 2009 kl. 10.00",12-11-2009,5129,2009-11-12T16:10:00Z,2009,Det Konservative Folkeparti,2007-2011,194,2009_11
Pernille Frahm,0.5709555634828845,0.18177730216792579,Pernille Frahm,20091_M21_referat,20091,21,"Referat af møde 21 den 25. november, 2009 kl. 13.00",25-11-2009,6796,2009-11-25T15:12:00Z,2009,Socialistisk Folkeparti,2007-2011,128,2009_11
Pernille Vigsø Bagge,0,0.2773500981126146,Pernille Vigsø Bagge,20091_M19_referat,20091,19,"Referat af møde 19 den 20. november, 2009 kl. 10.00",20-11-2009,6233,2009-11-20T13:44:00Z,2009,Socialistisk Folkeparti,2007-2011,52,2009_11
Peter Juel Jensen,0,0.3779644730092272,Peter Juel Jensen,20091_M16_referat,20091,16,"Referat af møde 16 den 12. november, 2009 kl. 10.00",12-11-2009,5328,2009-11-12T19:12:00Z,2009,Venstre,2007-2011,73,2009_11
Pia Adelsteen,0,0.4264014327112209,Pia Adelsteen,20091_M22_referat,20091,22,"Referat af møde 22 den 26. november, 2009 kl. 10.00",26-11-2009,7298,2009-11-26T16:16:00Z,2009,Dansk Folkeparti,2007-2011,923,2009_11
Pia Christmas-Møller,0,0.7071067811865476,Pia Christmas-Møller,20091_M18_referat,20091,18,"Referat af møde 18 den 19. november, 2009 kl. 10.00",19-11-2009,5605,2009-11-19T13:30:00Z,2009,Det Konservative Folkeparti,2007-2011,210,2009_11
Pia Olsen Dyhr,0,0.2672612419124244,Dyhr,20091_M23_referat,20091,23,"Referat af møde 23 den 27. november, 2009 kl. 10.00",27-11-2009,7415,2009-11-27T11:23:00Z,2009,Socialistisk Folkeparti,2007-2011,737,2009_11
Rasmus Prehn,1.1757541739415318,0.11967975383957603,Rasmus Prehn,20091_M11_referat,20091,11,"Referat af møde 11 den 4. november, 2009 kl. 13.00",04-11-2009,2780,2009-11-04T13:00:00Z,2009,Socialdemokratiet,2007-2011,78,2009_11
René Christensen,0,0.3779644730092272,René Christensen,20091_M23_referat,20091,23,"Referat af møde 23 den 27. november, 2009 kl. 10.00",27-11-2009,7383,2009-11-27T10:57:00Z,2009,Socialdemokratiet,2007-2011,745,2009_11
René Skau Björnsson,-0.21386255650035157,0.4462549692080438,René Skau Björnsson,20091_M10_referat,20091,10,"Referat af møde 10 den 3. november, 2009 kl. 13.00",03-11-2009,2651,2009-11-03T15:23:00Z,2009,Socialdemokratiet,2007-2011,528,2009_11
Simon Emil Ammitzbøll,0,0.21566554640687682,Simon Emil Ammitzbøll,20091_M11_referat,20091,11,"Referat af møde 11 den 4. november, 2009 kl. 13.00",04-11-2009,3056,2009-11-04T17:14:00Z,2009,Det Radikale Venstre,2007-2011,101,2009_11
Sophie Hæstorp Andersen,0,0.6324555320336759,Sophie Hæstorp Andersen,20091_M18_referat,20091,18,"Referat af møde 18 den 19. november, 2009 kl. 10.00",19-11-2009,5690,2009-11-19T14:33:00Z,2009,Socialdemokratiet,2007-2011,818,2009_11
Sophie Løhde,-0.502873809734234,0.21560923368016535,Sophie Løhde,20091_M10_referat,20091,10,"Referat af møde 10 den 3. november, 2009 kl. 13.00",03-11-2009,2683,2009-11-03T16:17:00Z,2009,Venstre,2007-2011,556,2009_11
Steen Gade,1.3529924858493534,0.7332649129275846,Steen Gade,20091_M13_referat,20091,13,"Referat af møde 13 den 6. november, 2009 kl. 10.00",06-11-2009,3721,2009-11-06T10:02:00Z,2009,Socialistisk Folkeparti,2007-2011,277,2009_11
Søren Espersen,-0.22418461735363643,0.09314540548142664,Søren Espersen,20091_M11_referat,20091,11,"Referat af møde 11 den 4. november, 2009 kl. 13.00",04-11-2009,2955,2009-11-04T16:03:00Z,2009,Dansk Folkeparti,2007-2011,177,2009_11
Søren Gade,-0.1624624815562528,0.1485527349217505,Søren Gade,20091_M17_referat,20091,17,"Referat af møde 17 den 18. november, 2009 kl. 13.00",18-11-2009,5420,2009-11-18T14:36:00Z,2009,Venstre,2007-2011,490,2009_11
Søren Krarup,0,0.44721359549995793,Søren Krarup,20091_M11_referat,20091,11,"Referat af møde 11 den 4. november, 2009 kl. 13.00",04-11-2009,2774,2009-11-04T13:00:00Z,2009,Dansk Folkeparti,2007-2011,62,2009_11
Søren Pind,0,0.816496580927726,Søren Pind,20091_M22_referat,20091,22,"Referat af møde 22 den 26. november, 2009 kl. 10.00",26-11-2009,7235,2009-11-26T15:01:00Z,2009,Venstre,2007-2011,370,2009_11
Thomas Jensen,0,0.2721655269759087,Thomas Jensen,20091_M12_referat,20091,12,"Referat af møde 12 den 5. november, 2009 kl. 10.00",05-11-2009,3335,2009-11-05T13:36:00Z,2009,Socialdemokratiet,2007-2011,740,2009_11
Thor Pedersen,3.7857420112448126,4.792516768868858,Thor Pedersen,20091_M10_referat,20091,10,"Referat af møde 10 den 3. november, 2009 kl. 13.00",03-11-2009,2681,2009-11-03T16:09:00Z,2009,Venstre,2007-2011,465,2009_11
Tina Nedergaard,-0.29744929288867905,0.4077023341127028,Tina Nedergaard,20091_M10_referat,20091,10,"Referat af møde 10 den 3. november, 2009 kl. 13.00",03-11-2009,2641,2009-11-03T15:15:00Z,2009,Venstre,2007-2011,628,2009_11
Tina Petersen,0,0.44721359549995793,Tina Petersen,20091_M14_referat,20091,14,"Referat af møde 14 den 10. november, 2009 kl. 13.00",10-11-2009,4136,2009-11-10T14:57:00Z,2009,Dansk Folkeparti,2007-2011,380,2009_11
Tom Behnke,-0.31942560658452146,0.14171648094033892,Tom Behnke,20091_M10_referat,20091,10,"Referat af møde 10 den 3. november, 2009 kl. 13.00",03-11-2009,2626,2009-11-03T14:35:00Z,2009,Det Konservative Folkeparti,2007-2011,693,2009_11
Torben Hansen,0,0.5345224838248488,Torben Hansen,20091_M16_referat,20091,16,"Referat af møde 16 den 12. november, 2009 kl. 10.00",12-11-2009,5085,2009-11-12T15:15:00Z,2009,Socialdemokratiet,2007-2011,590,2009_11
Torsten Schack Pedersen,0,0.5345224838248488,Torsten Schack Pedersen,20091_M21_referat,20091,21,"Referat af møde 21 den 25. november, 2009 kl. 13.00",25-11-2009,6938,2009-11-25T16:42:00Z,2009,Venstre,2007-2011,389,2009_11
Troels Christensen,0.4233166973445783,0.2455777385722503,Troels Christensen,20091_M10_referat,20091,10,"Referat af møde 10 den 3. november, 2009 kl. 13.00",03-11-2009,2703,2009-11-03T17:08:00Z,2009,Venstre,2007-2011,228,2009_11
Villum Christensen,-0.4949089347921464,0.3885489160608838,Villum Christensen,20091_M10_referat,20091,10,"Referat af møde 10 den 3. november, 2009 kl. 13.00",03-11-2009,2677,2009-11-03T15:56:00Z,2009,Det Konservative Folkeparti,2007-2011,375,2009_11
Vivi Kier,0,0.3779644730092272,Vivi Kier,20091_M14_referat,20091,14,"Referat af møde 14 den 10. november, 2009 kl. 13.00",10-11-2009,4140,2009-11-10T15:06:00Z,2009,Det Konservative Folkeparti,2007-2011,863,2009_11
Yildiz Akdogan,-0.04006275650514818,0.17728434297522702,Yildiz Akdogan,20091_M17_referat,20091,17,"Referat af møde 17 den 18. november, 2009 kl. 13.00",18-11-2009,5338,2009-11-18T13:00:00Z,2009,Socialdemokratiet,2007-2011,59,2009_11
Özlem Sara Cekic,0,0.4714045207910317,Özlem Sara Cekic,20091_M16_referat,20091,16,"Referat af møde 16 den 12. november, 2009 kl. 10.00",12-11-2009,5273,2009-11-12T18:13:00Z,2009,Socialistisk Folkeparti,2007-2011,86,2009_11
Anders Samuelsen,0,0.5345224838248488,Anders Samuelsen,20091_M33_referat,20091,33,"Referat af møde 33 den 16. december, 2009 kl. 9.00",16-12-2009,10690,2009-12-16T10:44:00Z,2009,Ny Alliance,2007-2011,159,2009_12
Anita Knakkergaard,0,0.44721359549995793,Anita Knakkergaard,20091_M28_referat,20091,28,"Referat af møde 28 den 8. december, 2009 kl. 13.00",08-12-2009,9132,2009-12-08T14:03:00Z,2009,Dansk Folkeparti,2007-2011,586,2009_12
Anne Baastrup,-0.21727344791751124,0.28544898131680935,Anne Baastrup,20091_M29_referat,20091,29,"Referat af møde 29 den 9. december, 2009 kl. 13.00",09-12-2009,9707,2009-12-09T14:09:00Z,2009,Socialistisk Folkeparti,2007-2011,81,2009_12
Anne-Mette Winther Christiansen,0.20017114813109418,0.12291487204823641,Anne-Mette Winther Christiansen,20091_M24_referat,20091,24,"Referat af møde 24 den 1. december, 2009 kl. 13.00",01-12-2009,7550,2009-12-01T13:44:00Z,2009,Venstre,2007-2011,120,2009_12
Benny Engelbrecht,-0.42348487084918407,0.1930812695074858,Benny Engelbrecht,20091_M26_referat,20091,26,"Referat af møde 26 den 3. december, 2009 kl. 10.00",03-12-2009,8341,2009-12-03T13:22:00Z,2009,Socialdemokratiet,2007-2011,213,2009_12
Bent Bøgsted,-0.09158371039225957,0.2182912507446163,Bent Bøgsted,20091_M24_referat,20091,24,"Referat af møde 24 den 1. december, 2009 kl. 13.00",01-12-2009,7622,2009-12-01T14:31:00Z,2009,Dansk Folkeparti,2007-2011,106,2009_12
Bente Dahl,0.4212165042797032,0.24472532255980578,Bente Dahl,20091_M26_referat,20091,26,"Referat af møde 26 den 3. december, 2009 kl. 10.00",03-12-2009,8334,2009-12-03T13:08:00Z,2009,Det Radikale Venstre,2007-2011,63,2009_12
Bertel Haarder,-0.6391868826693544,0.19509457946089875,Bertel Haarder,20091_M24_referat,20091,24,"Referat af møde 24 den 1. december, 2009 kl. 13.00",01-12-2009,7546,2009-12-01T13:27:00Z,2009,Venstre,2007-2011,1480,2009_12
Birgitte Josefsen,0.16483155949237588,0.13131993989154167,Birgitte Josefsen,20091_M26_referat,20091,26,"Referat af møde 26 den 3. december, 2009 kl. 10.00",03-12-2009,8420,2009-12-03T15:14:00Z,2009,Venstre,2007-2011,182,2009_12
Bjarne Laustsen,-0.030466094441766668,0.08368156778181815,Bjarne Laustsen,20091_M25_referat,20091,25,"Referat af møde 25 den 2. december, 2009 kl. 13.00",02-12-2009,7882,2009-12-02T13:00:00Z,2009,Socialdemokratiet,2007-2011,51,2009_12
Brian Mikkelsen,-0.4455688002293024,0.10993552866257711,Brian Mikkelsen,20091_M25_referat,20091,25,"Referat af møde 25 den 2. december, 2009 kl. 13.00",02-12-2009,7889,2009-12-02T13:00:00Z,2009,Det Konservative Folkeparti,2007-2011,132,2009_12
Britta Schall Holberg,-0.16773131474470224,0.7499207371392166,Britta Schall Holberg,20091_M24_referat,20091,24,"Referat af møde 24 den 1. december, 2009 kl. 13.00",01-12-2009,7724,2009-12-01T16:26:00Z,2009,Venstre,2007-2011,502,2009_12
Christine Antorini,-0.1911283919418109,0.05181236389738145,Christine Antorini,20091_M24_referat,20091,24,"Referat af møde 24 den 1. december, 2009 kl. 13.00",01-12-2009,7544,2009-12-01T13:24:00Z,2009,Socialdemokratiet,2007-2011,457,2009_12
Claus Hjort Frederiksen,0,0.21081851067789195,Claus Hjort Frederiksen,20091_M29_referat,20091,29,"Referat af møde 29 den 9. december, 2009 kl. 13.00",09-12-2009,9895,2009-12-09T17:24:00Z,2009,Venstre,2007-2011,152,2009_12
Dennis Flydtkjær,-0.09287011256438268,0.06948120487725278,Dennis Flydtkjær,20091_M26_referat,20091,26,"Referat af møde 26 den 3. december, 2009 kl. 10.00",03-12-2009,8701,2009-12-03T19:19:00Z,2009,Socialdemokratiet,2007-2011,210,2009_12
Eigil Andersen,0.062325303943266026,0.19277197290941017,Eigil Andersen,20091_M33_referat,20091,33,"Referat af møde 33 den 16. december, 2009 kl. 9.00",16-12-2009,11002,2009-12-16T15:23:00Z,2009,Socialistisk Folkeparti,2007-2011,199,2009_12
Erling Bonnesen,0,0.5773502691896257,Erling Bonnesen,20091_M33_referat,20091,33,"Referat af møde 33 den 16. december, 2009 kl. 9.00",16-12-2009,10696,2009-12-16T10:49:00Z,2009,Venstre,2007-2011,111,2009_12
Eva Kjer Hansen,0.9828953509141328,0.3647715360422823,Eva Kjer Hansen,20091_M34_referat,20091,34,"Referat af møde 34 den 17. december, 2009 kl. 10.00",17-12-2009,11191,2009-12-17T10:28:00Z,2009,Venstre,2007-2011,151,2009_12
Eyvind Vesselbo,-0.031000605132811547,0.15433665254444298,Eyvind Vesselbo,20091_M26_referat,20091,26,"Referat af møde 26 den 3. december, 2009 kl. 10.00",03-12-2009,8325,2009-12-03T11:52:00Z,2009,Venstre,2007-2011,215,2009_12
Flemming Bonne,0,0.7071067811865476,Flemming Bonne,20091_M31_referat,20091,31,"Referat af møde 31 den 11. december, 2009 kl. 10.00",11-12-2009,10144,2009-12-11T10:00:00Z,2009,Socialistisk Folkeparti,2007-2011,197,2009_12
Flemming Damgaard Larsen,-0.5814899186526595,0.31591744621899714,Flemming Damgaard Larsen,20091_M31_referat,20091,31,"Referat af møde 31 den 11. december, 2009 kl. 10.00",11-12-2009,10226,2009-12-11T11:18:00Z,2009,Venstre,2007-2011,70,2009_12
Flemming Møller Mortensen,0.044440462856728015,0.10853384301982946,Flemming Møller Mortensen,20091_M25_referat,20091,25,"Referat af møde 25 den 2. december, 2009 kl. 13.00",02-12-2009,8055,2009-12-02T15:11:00Z,2009,Socialdemokratiet,2007-2011,348,2009_12
Frank Aaen,-1.712768807161,0.2393563557146184,Frank Aaen,20091_M26_referat,20091,26,"Referat af møde 26 den 3. december, 2009 kl. 10.00",03-12-2009,8271,2009-12-03T10:57:00Z,2009,Enhedslisten,2007-2011,173,2009_12
Gitte Lillelund Bech,1.2103984133351604,0.452591123728316,Gitte Lillelund Bech,20091_M33_referat,20091,33,"Referat af møde 33 den 16. december, 2009 kl. 9.00",16-12-2009,10936,2009-12-16T14:21:00Z,2009,Venstre,2007-2011,260,2009_12
Hans Christian Schmidt,0,0.816496580927726,Hans Christian Schmidt,20091_M29_referat,20091,29,"Referat af møde 29 den 9. december, 2009 kl. 13.00",09-12-2009,9651,2009-12-09T13:44:00Z,2009,Venstre,2007-2011,198,2009_12
Hans Kristian Skibby,0,0.7071067811865476,Hans Kristian Skibby,20091_M28_referat,20091,28,"Referat af møde 28 den 8. december, 2009 kl. 13.00",08-12-2009,9261,2009-12-08T15:48:00Z,2009,Dansk Folkeparti,2007-2011,153,2009_12
Helge Adam Møller,-0.5466898685113409,0.2509535864010091,Helge Adam Møller,20091_M33_referat,20091,33,"Referat af møde 33 den 16. december, 2009 kl. 9.00",16-12-2009,10628,2009-12-16T09:58:00Z,2009,Det Konservative Folkeparti,2007-2011,111,2009_12
Helle Sjelle,-0.6288564260658137,0.5819104119626959,Helle Sjelle,20091_M24_referat,20091,24,"Referat af møde 24 den 1. december, 2009 kl. 13.00",01-12-2009,7795,2009-12-01T18:07:00Z,2009,Det Konservative Folkeparti,2007-2011,469,2009_12
Henriette Kjær,-0.6177175892033707,0.3922268484894691,Henriette Kjær,20091_M30_referat,20091,30,"Referat af møde 30 den 10. december, 2009 kl. 10.00",10-12-2009,10118,2009-12-10T14:46:00Z,2009,Det Konservative Folkeparti,2007-2011,209,2009_12
Henrik Dam Kristensen,0.1685235541734218,0.1512815104510606,Henrik Dam Kristensen,20091_M27_referat,20091,27,"Referat af møde 27 den 4. december, 2009 kl. 10.00",04-12-2009,9003,2009-12-04T13:46:00Z,2009,Socialdemokratiet,2007-2011,112,2009_12
Henrik Høegh,0.17822290089404105,0.23622314605029116,Henrik Høegh,20091_M33_referat,20091,33,"Referat af møde 33 den 16. december, 2009 kl. 9.00",16-12-2009,10944,2009-12-16T14:25:00Z,2009,Venstre,2007-2011,164,2009_12
Ib Poulsen,-1.0231361804142078,0.5440028593174895,Ib Poulsen,20091_M26_referat,20091,26,"Referat af møde 26 den 3. december, 2009 kl. 10.00",03-12-2009,8250,2009-12-03T10:41:00Z,2009,Dansk Folkeparti,2007-2011,163,2009_12
Ida Auken,0.2567059242207839,0.5572610746458018,Ida Auken,20091_M26_referat,20091,26,"Referat af møde 26 den 3. december, 2009 kl. 10.00",03-12-2009,8332,2009-12-03T13:07:00Z,2009,Socialistisk Folkeparti,2007-2011,61,2009_12
Inger Støjberg,0.0041763109205420245,0.18266273842373862,Inger Støjberg,20091_M29_referat,20091,29,"Referat af møde 29 den 9. december, 2009 kl. 13.00",09-12-2009,9865,2009-12-09T16:58:00Z,2009,Venstre,2007-2011,229,2009_12
Jacob Jensen,0,0.6324555320336759,Jacob Jensen,20091_M33_referat,20091,33,"Referat af møde 33 den 16. december, 2009 kl. 9.00",16-12-2009,10761,2009-12-16T11:28:00Z,2009,Venstre,2007-2011,266,2009_12
Jens Kirk,0,0.816496580927726,Jens Kirk,20091_M31_referat,20091,31,"Referat af møde 31 den 11. december, 2009 kl. 10.00",11-12-2009,10171,2009-12-11T10:31:00Z,2009,Venstre,2007-2011,348,2009_12
Jens Peter Vernersen,0,0.7071067811865476,Jens Peter Vernersen,20091_M33_referat,20091,33,"Referat af møde 33 den 16. december, 2009 kl. 9.00",16-12-2009,11140,2009-12-16T17:57:00Z,2009,Socialdemokratiet,2007-2011,324,2009_12
Jens Vibjerg,0,0.24618298195866548,Jens Vibjerg,20091_M25_referat,20091,25,"Referat af møde 25 den 2. december, 2009 kl. 13.00",02-12-2009,8058,2009-12-02T15:16:00Z,2009,Venstre,2007-2011,210,2009_12
Jeppe Kofod,0,0.3922322702763681,Jeppe Kofod,20091_M31_referat,20091,31,"Referat af møde 31 den 11. december, 2009 kl. 10.00",11-12-2009,10237,2009-12-11T11:24:00Z,2009,Socialdemokratiet,2007-2011,192,2009_12
Jesper Langballe,0.18398022167697053,0.15406869404544662,Jesper Langballe,20091_M28_referat,20091,28,"Referat af møde 28 den 8. december, 2009 kl. 13.00",08-12-2009,9351,2009-12-08T16:53:00Z,2009,Dansk Folkeparti,2007-2011,180,2009_12
Jesper Petersen,0.45467060315792424,0.2299267003477107,Jesper Petersen,20091_M32_referat,20091,32,"Referat af møde 32 den 15. december, 2009 kl. 10.00",15-12-2009,10528,2009-12-15T11:27:00Z,2009,Socialistisk Folkeparti,2007-2011,121,2009_12
Johanne Schmidt-Nielsen,0.23882700812133073,0.11039771751670005,Johanne Schmidt-Nielsen,20091_M27_referat,20091,27,"Referat af møde 27 den 4. december, 2009 kl. 10.00",04-12-2009,9098,2009-12-04T15:07:00Z,2009,Enhedslisten,2007-2011,270,2009_12
John Dyrby Paulsen,-1.3219843136166483,0.6895936041907837,John Dyrby Paulsen,20091_M26_referat,20091,26,"Referat af møde 26 den 3. december, 2009 kl. 10.00",03-12-2009,8269,2009-12-03T10:51:00Z,2009,Socialdemokratiet,2007-2011,1139,2009_12
Jonas Dahl,-0.1172227374036236,0.10622274725180134,Jonas Dahl,20091_M30_referat,20091,30,"Referat af møde 30 den 10. december, 2009 kl. 10.00",10-12-2009,10005,2009-12-10T11:45:00Z,2009,Socialistisk Folkeparti,2007-2011,224,2009_12
Julie Rademacher,0.04046539856383539,0.18587873874607397,Julie Rademacher,20091_M26_referat,20091,26,"Referat af møde 26 den 3. december, 2009 kl. 10.00",03-12-2009,8717,2009-12-03T19:29:00Z,2009,Socialdemokratiet,2007-2011,56,2009_12
Julie Skovsby,0.03373491232791938,0.14083000163705237,Julie Skovsby,20091_M29_referat,20091,29,"Referat af møde 29 den 9. december, 2009 kl. 13.00",09-12-2009,9701,2009-12-09T14:07:00Z,2009,Socialdemokratiet,2007-2011,117,2009_12
Jørgen Poulsen,0,0.5773502691896257,Jørgen Poulsen,20091_M28_referat,20091,28,"Referat af møde 28 den 8. december, 2009 kl. 13.00",08-12-2009,9136,2009-12-08T14:14:00Z,2009,Ny Alliance,2007-2011,204,2009_12
Jørn Dohrmann,-0.037346812445828374,0.27720791106000514,Jørn Dohrmann,20091_M26_referat,20091,26,"Referat af møde 26 den 3. december, 2009 kl. 10.00",03-12-2009,8328,2009-12-03T13:00:00Z,2009,Dansk Folkeparti,2007-2011,641,2009_12
Kamal Qureshi,0,0.3429971702850177,Kamal Qureshi,20091_M29_referat,20091,29,"Referat af møde 29 den 9. december, 2009 kl. 13.00",09-12-2009,9837,2009-12-09T16:03:00Z,2009,Socialistisk Folkeparti,2007-2011,175,2009_12
Karen Hækkerup,0,0.5773502691896257,Karen Hækkerup,20091_M25_referat,20091,25,"Referat af møde 25 den 2. december, 2009 kl. 13.00",02-12-2009,7933,2009-12-02T13:45:00Z,2009,Socialdemokratiet,2007-2011,91,2009_12
Karin Nødgaard,-0.16605663946731603,0.36912249399282976,Karin Nødgaard,20091_M24_referat,20091,24,"Referat af møde 24 den 1. december, 2009 kl. 13.00",01-12-2009,7791,2009-12-01T17:59:00Z,2009,Dansk Folkeparti,2007-2011,549,2009_12
Karina Lorentzen Dehnhardt,0.05314168761079756,0.05914737549822244,Karina Lorentzen Dehnhardt,20091_M26_referat,20091,26,"Referat af møde 26 den 3. december, 2009 kl. 10.00",03-12-2009,8728,2009-12-03T19:35:00Z,2009,Socialistisk Folkeparti,2007-2011,158,2009_12
Karsten Hønge,0.30027192129761626,0.6172015162046913,Karsten Hønge,20091_M24_referat,20091,24,"Referat af møde 24 den 1. december, 2009 kl. 13.00",01-12-2009,7590,2009-12-01T14:13:00Z,2009,Socialistisk Folkeparti,2007-2011,280,2009_12
Karsten Lauritzen,0.44744735141153325,0.16439999263673727,Karsten Lauritzen,20091_M27_referat,20091,27,"Referat af møde 27 den 4. december, 2009 kl. 10.00",04-12-2009,8993,2009-12-04T13:40:00Z,2009,Venstre,2007-2011,84,2009_12
Karsten Nonbo,-0.8003727340367872,0.32684293802276715,Karsten Nonbo,20091_M26_referat,20091,26,"Referat af møde 26 den 3. december, 2009 kl. 10.00",03-12-2009,8267,2009-12-03T10:50:00Z,2009,Venstre,2007-2011,138,2009_12
Kim Andersen,0.04469784909999736,0.09784924388409634,Kim Andersen,20091_M26_referat,20091,26,"Referat af møde 26 den 3. december, 2009 kl. 10.00",03-12-2009,8585,2009-12-03T17:40:00Z,2009,Venstre,2007-2011,152,2009_12
Kim Christiansen,-0.5102685944624186,0.21059335983139899,Kim Christiansen,20091_M28_referat,20091,28,"Referat af møde 28 den 8. december, 2009 kl. 13.00",08-12-2009,9272,2009-12-08T15:55:00Z,2009,Dansk Folkeparti,2007-2011,202,2009_12
Kim Mortensen,0,0.3922322702763681,Kim Mortensen,20091_M25_referat,20091,25,"Referat af møde 25 den 2. december, 2009 kl. 13.00",02-12-2009,8171,2009-12-02T16:45:00Z,2009,Socialdemokratiet,2007-2011,193,2009_12
Kirsten Brosbøl,0.2461787357226545,0.11084259646337331,Kirsten Brosbøl,20091_M25_referat,20091,25,"Referat af møde 25 den 2. december, 2009 kl. 13.00",02-12-2009,8021,2009-12-02T14:46:00Z,2009,Socialdemokratiet,2007-2011,431,2009_12
Klaus Hækkerup,-0.6046553593029204,0.197502307435677,Klaus Hækkerup,20091_M30_referat,20091,30,"Referat af møde 30 den 10. december, 2009 kl. 10.00",10-12-2009,9951,2009-12-10T10:37:00Z,2009,Socialdemokratiet,2007-2011,488,2009_12
Knud Kristensen,0,0.7071067811865476,Knud Kristensen,20091_M28_referat,20091,28,"Referat af møde 28 den 8. december, 2009 kl. 13.00",08-12-2009,9134,2009-12-08T14:11:00Z,2009,Det Konservative Folkeparti,2007-2011,288,2009_12
Kristen Touborg,0.8144118670406895,0.18476798266939623,Kristen Touborg,20091_M28_referat,20091,28,"Referat af møde 28 den 8. december, 2009 kl. 13.00",08-12-2009,9417,2009-12-08T17:46:00Z,2009,Socialistisk Folkeparti,2007-2011,117,2009_12
Kristian Jensen,0.9468379157965239,0.4253691993452461,Kristian Jensen,20091_M24_referat,20091,24,"Referat af møde 24 den 1. december, 2009 kl. 13.00",01-12-2009,7542,2009-12-01T13:17:00Z,2009,Venstre,2007-2011,612,2009_12
Kristian Thulesen Dahl,-0.4360667035152564,0.15417340230938453,Kristian Thulesen Dahl,20091_M33_referat,20091,33,"Referat af møde 33 den 16. december, 2009 kl. 9.00",16-12-2009,10672,2009-12-16T10:34:00Z,2009,Dansk Folkeparti,2007-2011,283,2009_12
Leif Lahn Jensen,-0.014305171057072632,0.1440601986175705,Leif Lahn Jensen,20091_M24_referat,20091,24,"Referat af møde 24 den 1. december, 2009 kl. 13.00",01-12-2009,7762,2009-12-01T17:29:00Z,2009,Socialdemokratiet,2007-2011,82,2009_12
Lennart Damsbo-Andersen,-0.1235105324461088,0.26837559359060337,Lennart Damsbo-Andersen,20091_M29_referat,20091,29,"Referat af møde 29 den 9. december, 2009 kl. 13.00",09-12-2009,9885,2009-12-09T17:18:00Z,2009,Socialdemokratiet,2007-2011,156,2009_12
Line Barfod,-0.037421672036613104,0.06154142386766243,Line Barfod,20091_M31_referat,20091,31,"Referat af møde 31 den 11. december, 2009 kl. 10.00",11-12-2009,10289,2009-12-11T12:12:00Z,2009,Enhedslisten,2007-2011,313,2009_12
Liselott Blixt,-0.11064700998216573,0.11031039838983822,Liselott Blixt,20091_M28_referat,20091,28,"Referat af møde 28 den 8. december, 2009 kl. 13.00",08-12-2009,9387,2009-12-08T17:30:00Z,2009,Dansk Folkeparti,2007-2011,94,2009_12
Lone Dybkjær,0.10950475718136933,0.04126532365047096,Lone Dybkjær,20091_M28_referat,20091,28,"Referat af møde 28 den 8. december, 2009 kl. 13.00",08-12-2009,9429,2009-12-08T17:52:00Z,2009,Det Radikale Venstre,2007-2011,68,2009_12
Lone Møller,0.164809327247226,0.17502227672338025,Lone Møller,20091_M26_referat,20091,26,"Referat af møde 26 den 3. december, 2009 kl. 10.00",03-12-2009,8410,2009-12-03T15:01:00Z,2009,Socialdemokratiet,2007-2011,177,2009_12
Louise Schack Elholm,-0.022510110874688734,0.1874894214414893,Louise Schack Elholm,20091_M33_referat,20091,33,"Referat af møde 33 den 16. december, 2009 kl. 9.00",16-12-2009,10754,2009-12-16T11:22:00Z,2009,Venstre,2007-2011,73,2009_12
Magnus Heunicke,-0.2080337256334625,0.27114187272880774,Magnus Heunicke,20091_M32_referat,20091,32,"Referat af møde 32 den 15. december, 2009 kl. 10.00",15-12-2009,10495,2009-12-15T10:57:00Z,2009,Socialdemokratiet,2007-2011,156,2009_12
Maja Panduro,0.04587901798870815,0.10031456555153827,Maja Panduro,20091_M26_referat,20091,26,"Referat af møde 26 den 3. december, 2009 kl. 10.00",03-12-2009,8703,2009-12-03T19:20:00Z,2009,Enhedslisten,2007-2011,167,2009_12
Malou Aamund,0.25558169208769793,0.19783692423400442,Malou Aamund,20091_M30_referat,20091,30,"Referat af møde 30 den 10. december, 2009 kl. 10.00",10-12-2009,9961,2009-12-10T11:11:00Z,2009,Ny Alliance,2007-2011,654,2009_12
Margrethe Vestager,0,0.44721359549995793,Margrethe Vestager,20091_M33_referat,20091,33,"Referat af møde 33 den 16. december, 2009 kl. 9.00",16-12-2009,10591,2009-12-16T09:36:00Z,2009,Det Radikale Venstre,2007-2011,198,2009_12
Marianne Jelved,0.17077735433270716,0.08202884807098292,Marianne Jelved,20091_M24_referat,20091,24,"Referat af møde 24 den 1. december, 2009 kl. 13.00",01-12-2009,7740,2009-12-01T16:57:00Z,2009,Det Radikale Venstre,2007-2011,196,2009_12
Marion Pedersen,-0.35692251262294805,0.190413945996947,Marion Pedersen,20091_M31_referat,20091,31,"Referat af møde 31 den 11. december, 2009 kl. 10.00",11-12-2009,10303,2009-12-11T12:24:00Z,2009,Venstre,2007-2011,174,2009_12
Marlene Harpsøe,0.0010690552620570212,0.0637684630636257,Marlene Harpsøe,20091_M27_referat,20091,27,"Referat af møde 27 den 4. december, 2009 kl. 10.00",04-12-2009,8882,2009-12-04T11:53:00Z,2009,Dansk Folkeparti,2007-2011,131,2009_12
Martin Henriksen,0.10454433795634269,0.060975168520255224,Martin Henriksen,20091_M27_referat,20091,27,"Referat af møde 27 den 4. december, 2009 kl. 10.00",04-12-2009,9087,2009-12-04T14:58:00Z,2009,Dansk Folkeparti,2007-2011,146,2009_12
Mette Frederiksen,0,0.5773502691896257,Mette Frederiksen,20091_M33_referat,20091,33,"Referat af møde 33 den 16. december, 2009 kl. 9.00",16-12-2009,10598,2009-12-16T09:41:00Z,2009,Socialdemokratiet,2007-2011,212,2009_12
Mike Legarth,0.8995636510687491,0.19670516042463831,Mike Legarth,20091_M33_referat,20091,33,"Referat af møde 33 den 16. december, 2009 kl. 9.00",16-12-2009,10989,2009-12-16T15:13:00Z,2009,Det Konservative Folkeparti,2007-2011,318,2009_12
Mikkel Dencker,1.4501527398730822,0.9146764701612493,Mikkel Dencker,20091_M27_referat,20091,27,"Referat af møde 27 den 4. december, 2009 kl. 10.00",04-12-2009,8927,2009-12-04T12:36:00Z,2009,Dansk Folkeparti,2007-2011,362,2009_12
Mogens Jensen,0.12428303685644437,0.26163405027061226,Mogens Jensen,20091_M24_referat,20091,24,"Referat af møde 24 den 1. december, 2009 kl. 13.00",01-12-2009,7807,2009-12-01T18:33:00Z,2009,Socialdemokratiet,2007-2011,168,2009_12
Mogens Lykketoft,-0.8912403525771073,0.5557094736549683,Mogens Lykketoft,20091_M26_referat,20091,26,"Referat af møde 26 den 3. december, 2009 kl. 10.00",03-12-2009,8641,2009-12-03T18:37:00Z,2009,Socialdemokratiet,2007-2011,105,2009_12
Morten Bødskov,0,0.20851441405707477,Morten Bødskov,20091_M33_referat,20091,33,"Referat af møde 33 den 16. december, 2009 kl. 9.00",16-12-2009,10739,2009-12-16T11:13:00Z,2009,Socialdemokratiet,2007-2011,150,2009_12
Morten Østergaard,-0.19871788141551505,0.18760884473095576,Morten Østergaard,20091_M30_referat,20091,30,"Referat af møde 30 den 10. december, 2009 kl. 10.00",10-12-2009,9931,2009-12-10T10:09:00Z,2009,Det Radikale Venstre,2007-2011,294,2009_12
Naser Khader,0,0.30151134457776363,Naser Khader,20091_M28_referat,20091,28,"Referat af møde 28 den 8. december, 2009 kl. 13.00",08-12-2009,9405,2009-12-08T17:39:00Z,2009,Ny Alliance,2007-2011,244,2009_12
Nick Hækkerup,1.1505837215032404,0.4062885742808443,Nick Hækkerup,20091_M32_referat,20091,32,"Referat af møde 32 den 15. december, 2009 kl. 10.00",15-12-2009,10515,2009-12-15T11:16:00Z,2009,Socialdemokratiet,2007-2011,145,2009_12
Niels Helveg Petersen,0.5384441523702272,0.40307809535271544,Niels Helveg Petersen,20091_M35_referat,20091,35,"Referat af møde 35 den 18. december, 2009 kl. 9.00",18-12-2009,11233,2009-12-18T09:54:00Z,2009,Radikale Venstre,2007-2011,208,2009_12
Ole Sohn,0,0.23249527748763857,Ole Sohn,20091_M33_referat,20091,33,"Referat af møde 33 den 16. december, 2009 kl. 9.00",16-12-2009,10909,2009-12-16T14:06:00Z,2009,Socialistisk Folkeparti,2007-2011,209,2009_12
Ole Vagn Christensen,0,0.4714045207910317,Ole Vagn Christensen,20091_M25_referat,20091,25,"Referat af møde 25 den 2. december, 2009 kl. 13.00",02-12-2009,8129,2009-12-02T16:13:00Z,2009,Socialdemokratiet,2007-2011,154,2009_12
Orla Hav,0,0.5345224838248488,Orla Hav,20091_M25_referat,20091,25,"Referat af møde 25 den 2. december, 2009 kl. 13.00",02-12-2009,7919,2009-12-02T13:28:00Z,2009,Socialdemokratiet,2007-2011,71,2009_12
Per Bisgaard,-0.13752233955779822,0.11903633407832187,Per Bisgaard,20091_M27_referat,20091,27,"Referat af møde 27 den 4. december, 2009 kl. 10.00",04-12-2009,8787,2009-12-04T10:40:00Z,2009,Venstre,2007-2011,97,2009_12
Per Clausen,-0.15129346748475508,0.19176463942886815,Clausen,20091_M35_referat,20091,35,"Referat af møde 35 den 18. december, 2009 kl. 9.00",18-12-2009,11199,2009-12-18T09:00:00Z,2009,Enhedslisten,2007-2011,143,2009_12
Per Dalgaard,0,0.3779644730092272,Per Dalgaard,20091_M28_referat,20091,28,"Referat af møde 28 den 8. december, 2009 kl. 13.00",08-12-2009,9203,2009-12-08T15:25:00Z,2009,Dansk Folkeparti,2007-2011,70,2009_12
Per Stig Møller,0,0.3333333333333333,Per Stig Møller,20091_M29_referat,20091,29,"Referat af møde 29 den 9. december, 2009 kl. 13.00",09-12-2009,9814,2009-12-09T15:42:00Z,2009,Det Konservative Folkeparti,2007-2011,58,2009_12
Per Ørum Jørgensen,-0.15434269346018564,0.3163890799297935,Per Ørum Jørgensen,20091_M26_referat,20091,26,"Referat af møde 26 den 3. december, 2009 kl. 10.00",03-12-2009,8333,2009-12-03T13:07:00Z,2009,Det Konservative Folkeparti,2007-2011,235,2009_12
Pernille Frahm,0.29126091777163243,0.16514635931252575,Pernille Frahm,20091_M24_referat,20091,24,"Referat af møde 24 den 1. december, 2009 kl. 13.00",01-12-2009,7606,2009-12-01T14:23:00Z,2009,Socialistisk Folkeparti,2007-2011,196,2009_12
Pernille Vigsø Bagge,-0.19774434357047904,0.13295337087721087,Pernille Vigsø Bagge,20091_M27_referat,20091,27,"Referat af møde 27 den 4. december, 2009 kl. 10.00",04-12-2009,8771,2009-12-04T10:32:00Z,2009,Socialistisk Folkeparti,2007-2011,208,2009_12
Peter Skaarup,0,0.3922322702763681,Peter Skaarup,20091_M28_referat,20091,28,"Referat af møde 28 den 8. december, 2009 kl. 13.00",08-12-2009,9253,2009-12-08T15:45:00Z,2009,Dansk Folkeparti,2007-2011,255,2009_12
Pia Adelsteen,0,0.816496580927726,Pia Adelsteen,20091_M28_referat,20091,28,"Referat af møde 28 den 8. december, 2009 kl. 13.00",08-12-2009,9213,2009-12-08T15:29:00Z,2009,Dansk Folkeparti,2007-2011,84,2009_12
Pia Olsen Dyhr,-0.08054834454770561,0.15923099420990844,Pia Olsen Dyhr,20091_M26_referat,20091,26,"Referat af møde 26 den 3. december, 2009 kl. 10.00",03-12-2009,8340,2009-12-03T13:22:00Z,2009,Socialistisk Folkeparti,2007-2011,118,2009_12
Preben Rudiengaard,0.09352371676523494,0.275576234844264,Preben Rudiengaard,20091_M24_referat,20091,24,"Referat af møde 24 den 1. december, 2009 kl. 13.00",01-12-2009,7788,2009-12-01T17:56:00Z,2009,Venstre,2007-2011,703,2009_12
René Christensen,1.1732743749334862,0.7886887961142135,René Christensen,20091_M27_referat,20091,27,"Referat af møde 27 den 4. december, 2009 kl. 10.00",04-12-2009,8954,2009-12-04T13:07:00Z,2009,Socialdemokratiet,2007-2011,228,2009_12
Simon Emil Ammitzbøll,0.17611364191096773,0.09640930191439913,Simon Emil Ammitzbøll,20091_M24_referat,20091,24,"Referat af møde 24 den 1. december, 2009 kl. 13.00",01-12-2009,7693,2009-12-01T15:47:00Z,2009,Det Radikale Venstre,2007-2011,357,2009_12
Sophie Hæstorp Andersen,-0.21727926644945741,0.15615975653470401,Sophie Hæstorp Andersen,20091_M25_referat,20091,25,"Referat af møde 25 den 2. december, 2009 kl. 13.00",02-12-2009,7917,2009-12-02T13:26:00Z,2009,Socialdemokratiet,2007-2011,148,2009_12
Sophie Løhde,0,0.5773502691896257,Sophie Løhde,20091_M29_referat,20091,29,"Referat af møde 29 den 9. december, 2009 kl. 13.00",09-12-2009,9630,2009-12-09T13:33:00Z,2009,Venstre,2007-2011,106,2009_12
Steen Gade,0.3291513566072603,0.38073668352253165,Steen Gade,20091_M27_referat,20091,27,"Referat af møde 27 den 4. december, 2009 kl. 10.00",04-12-2009,8929,2009-12-04T12:39:00Z,2009,Socialistisk Folkeparti,2007-2011,419,2009_12
Søren Espersen,1.2847019883107744,0.3222713305346169,Søren Espersen,20091_M25_referat,20091,25,"Referat af møde 25 den 2. december, 2009 kl. 13.00",02-12-2009,8120,2009-12-02T16:04:00Z,2009,Dansk Folkeparti,2007-2011,255,2009_12
Søren Gade,-4.0118820965102175,2.9449641414043337,Søren Gade,20091_M26_referat,20091,26,"Referat af møde 26 den 3. december, 2009 kl. 10.00",03-12-2009,8242,2009-12-03T10:14:00Z,2009,Venstre,2007-2011,2323,2009_12
Søren Krarup,0.3614017263302625,0.09296915310573221,Søren Krarup,20091_M30_referat,20091,30,"Referat af møde 30 den 10. december, 2009 kl. 10.00",10-12-2009,9955,2009-12-10T10:54:00Z,2009,Dansk Folkeparti,2007-2011,153,2009_12
Thomas Jensen,0,0.4714045207910317,Thomas Jensen,20091_M28_referat,20091,28,"Referat af møde 28 den 8. december, 2009 kl. 13.00",08-12-2009,9130,2009-12-08T13:59:00Z,2009,Socialdemokratiet,2007-2011,700,2009_12
Tina Nedergaard,0,0.2208630521496931,Tina Nedergaard,20091_M33_referat,20091,33,"Referat af møde 33 den 16. december, 2009 kl. 9.00",16-12-2009,10545,2009-12-16T09:02:00Z,2009,Venstre,2007-2011,1291,2009_12
Tom Behnke,-0.10898632733940235,0.08605609276443961,Tom Behnke,20091_M26_referat,20091,26,"Referat af møde 26 den 3. december, 2009 kl. 10.00",03-12-2009,8518,2009-12-03T16:38:00Z,2009,Det Konservative Folkeparti,2007-2011,754,2009_12
Torben Hansen,-0.2904977382354829,0.5744131746524695,Torben Hansen,20091_M32_referat,20091,32,"Referat af møde 32 den 15. december, 2009 kl. 10.00",15-12-2009,10461,2009-12-15T10:03:00Z,2009,Socialdemokratiet,2007-2011,243,2009_12
Torsten Schack Pedersen,0,0.5,Torsten Schack Pedersen,20091_M29_referat,20091,29,"Referat af møde 29 den 9. december, 2009 kl. 13.00",09-12-2009,9638,2009-12-09T13:37:00Z,2009,Venstre,2007-2011,104,2009_12
Villum Christensen,-0.2905375002615915,0.4061790614079136,Villum Christensen,20091_M28_referat,20091,28,"Referat af møde 28 den 8. december, 2009 kl. 13.00",08-12-2009,9122,2009-12-08T13:48:00Z,2009,Det Konservative Folkeparti,2007-2011,149,2009_12
Vivi Kier,-0.017145536755553418,0.10837339985331261,Vivi Kier,20091_M26_referat,20091,26,"Referat af møde 26 den 3. december, 2009 kl. 10.00",03-12-2009,8458,2009-12-03T15:39:00Z,2009,Det Konservative Folkeparti,2007-2011,367,2009_12
Yildiz Akdogan,0.0516842242433671,0.2967262301861232,Yildiz Akdogan,20091_M29_referat,20091,29,"Referat af møde 29 den 9. december, 2009 kl. 13.00",09-12-2009,9596,2009-12-09T09:00:00Z,2009,Socialdemokratiet,2007-2011,113,2009_12
Özlem Sara Cekic,0,0.5773502691896257,Özlem Sara Cekic,20091_M33_referat,20091,33,"Referat af møde 33 den 16. december, 2009 kl. 9.00",16-12-2009,10606,2009-12-16T09:45:00Z,2009,Socialistisk Folkeparti,2007-2011,165,2009_12
Anita Knakkergaard,-1.0763618490353815,0.662978314234157,Anita Knakkergaard,20091_M5_referat,20091,5,"Referat af møde 5 den 21. oktober, 2009 kl. 13.00",21-10-2009,1531,2009-10-21T17:02:00Z,2009,Dansk Folkeparti,2007-2011,883,2009_10
Anne Baastrup,-0.26139205292137613,0.44945794647486637,Anne Baastrup,20091_M3_referat,20091,3,"Referat af møde 3 den 8. oktober, 2009 kl. 10.00",08-10-2009,1056,2009-10-08T23:22:00Z,2009,Socialistisk Folkeparti,2007-2011,108,2009_10
Anne Grete Holmsgaard,0,0.6324555320336759,Anne Grete Holmsgaard,20091_M8_referat,20091,8,"Referat af møde 8 den 29. oktober, 2009 kl. 10.00",29-10-2009,1939,2009-10-29T10:11:00Z,2009,Socialistisk Folkeparti,2007-2011,497,2009_10
Benny Engelbrecht,0.32142671007116563,0.2029558411408759,Benny Engelbrecht,20091_M2_referat,20091,2,"Referat af møde 2 den 7. oktober, 2009 kl. 13.00",07-10-2009,106,2009-10-07T13:19:00Z,2009,Socialdemokratiet,2007-2011,372,2009_10
Bent Bøgsted,0.17833394326282856,0.366255931631986,Bent Bøgsted,20091_M3_referat,20091,3,"Referat af møde 3 den 8. oktober, 2009 kl. 10.00",08-10-2009,381,2009-10-08T13:15:00Z,2009,Dansk Folkeparti,2007-2011,112,2009_10
Bente Dahl,-0.7965361230137574,0.3436076918054635,Bente Dahl,20091_M2_referat,20091,2,"Referat af møde 2 den 7. oktober, 2009 kl. 13.00",07-10-2009,94,2009-10-07T13:12:00Z,2009,Det Radikale Venstre,2007-2011,343,2009_10
Bertel Haarder,0,0.816496580927726,Bertel Haarder,20091_M8_referat,20091,8,"Referat af møde 8 den 29. oktober, 2009 kl. 10.00",29-10-2009,1931,2009-10-29T10:00:00Z,2009,Venstre,2007-2011,124,2009_10
Birgitte Josefsen,0.5309219985079257,0.5262831417428376,Birgitte Josefsen,20091_M3_referat,20091,3,"Referat af møde 3 den 8. oktober, 2009 kl. 10.00",08-10-2009,849,2009-10-08T19:26:00Z,2009,Venstre,2007-2011,200,2009_10
Bjarne Laustsen,0.06987062703800444,0.06943179702004916,Bjarne Laustsen,20091_M2_referat,20091,2,"Referat af møde 2 den 7. oktober, 2009 kl. 13.00",07-10-2009,84,2009-10-07T13:04:00Z,2009,Socialdemokratiet,2007-2011,431,2009_10
Brian Mikkelsen,0,0.3244428422615251,Brian Mikkelsen,20091_M4_referat,20091,4,"Referat af møde 4 den 20. oktober, 2009 kl. 13.00",20-10-2009,1120,2009-10-20T13:24:00Z,2009,Det Konservative Folkeparti,2007-2011,248,2009_10
Christine Antorini,-0.05924069244026649,0.4237779504417237,Christine Antorini,20091_M3_referat,20091,3,"Referat af møde 3 den 8. oktober, 2009 kl. 10.00",08-10-2009,731,2009-10-08T17:09:00Z,2009,Socialdemokratiet,2007-2011,179,2009_10
Claus Hjort Frederiksen,-0.16614957818998738,0.3791159112038917,Claus Hjort Frederiksen,20091_M2_referat,20091,2,"Referat af møde 2 den 7. oktober, 2009 kl. 13.00",07-10-2009,139,2009-10-07T14:07:00Z,2009,Venstre,2007-2011,171,2009_10
Dennis Flydtkjær,0.27896215255631607,0.22352326514169774,Dennis Flydtkjær,20091_M4_referat,20091,4,"Referat af møde 4 den 20. oktober, 2009 kl. 13.00",20-10-2009,1148,2009-10-20T13:43:00Z,2009,Socialdemokratiet,2007-2011,191,2009_10
Doris Jakobsen,-0.5951575864080443,0.7645760380124111,Doris Jakobsen,20091_M3_referat,20091,3,"Referat af møde 3 den 8. oktober, 2009 kl. 10.00",08-10-2009,919,2009-10-08T20:48:00Z,2009,Socialdemokratiet,2007-2011,1133,2009_10
Eigil Andersen,0.30014039137329035,0.2810106225322827,Eigil Andersen,20091_M5_referat,20091,5,"Referat af møde 5 den 21. oktober, 2009 kl. 13.00",21-10-2009,1482,2009-10-21T16:12:00Z,2009,Socialistisk Folkeparti,2007-2011,152,2009_10
Ellen Trane Nørby,0.5289748606495649,0.40641086678817795,Ellen Trane Nørby,20091_M3_referat,20091,3,"Referat af møde 3 den 8. oktober, 2009 kl. 10.00",08-10-2009,603,2009-10-08T15:43:00Z,2009,Venstre,2007-2011,115,2009_10
Erling Bonnesen,0.9098162427830951,0.6688172613170938,Erling Bonnesen,20091_M6_referat,20091,6,"Referat af møde 6 den 22. oktober, 2009 kl. 10.00",22-10-2009,1613,2009-10-22T11:27:00Z,2009,Venstre,2007-2011,272,2009_10
Eva Kjer Hansen,-0.17770353166571037,0.1945521463668407,Eva Kjer Hansen,20091_M8_referat,20091,8,"Referat af møde 8 den 29. oktober, 2009 kl. 10.00",29-10-2009,2172,2009-10-29T14:29:00Z,2009,Venstre,2007-2011,219,2009_10
Eyvind Vesselbo,-0.13085714412929794,0.07512479534088876,Eyvind Vesselbo,20091_M6_referat,20091,6,"Referat af møde 6 den 22. oktober, 2009 kl. 10.00",22-10-2009,1754,2009-10-22T14:46:00Z,2009,Venstre,2007-2011,133,2009_10
Flemming Bonne,0.4908040253768966,0.4761903047515598,Flemming Bonne,20091_M6_referat,20091,6,"Referat af møde 6 den 22. oktober, 2009 kl. 10.00",22-10-2009,1609,2009-10-22T11:15:00Z,2009,Socialistisk Folkeparti,2007-2011,318,2009_10
Flemming Møller Mortensen,0,0.816496580927726,Flemming Møller Mortensen,20091_M8_referat,20091,8,"Referat af møde 8 den 29. oktober, 2009 kl. 10.00",29-10-2009,1992,2009-10-29T11:01:00Z,2009,Socialdemokratiet,2007-2011,820,2009_10
Frank Aaen,-0.326712926812809,0.11106005928793128,Frank Aaen,20091_M9_referat,20091,9,"Referat af møde 9 den 30. oktober, 2009 kl. 10.00",30-10-2009,2558,2009-10-30T11:22:00Z,2009,Enhedslisten,2007-2011,408,2009_10
Gitte Lillelund Bech,0.7138724790565666,0.38099104796061634,Gitte Lillelund Bech,20091_M3_referat,20091,3,"Referat af møde 3 den 8. oktober, 2009 kl. 10.00",08-10-2009,633,2009-10-08T15:59:00Z,2009,Venstre,2007-2011,111,2009_10
Hanne Agersnap,0.5969266219884413,0.317646443948713,Hanne Agersnap,20091_M9_referat,20091,9,"Referat af møde 9 den 30. oktober, 2009 kl. 10.00",30-10-2009,2507,2009-10-30T10:38:00Z,2009,Socialistisk Folkeparti,2007-2011,212,2009_10
Hans Christian Schmidt,0.3466644115485452,0.23336384723892603,Hans Christian Schmidt,20091_M3_referat,20091,3,"Referat af møde 3 den 8. oktober, 2009 kl. 10.00",08-10-2009,549,2009-10-08T15:11:00Z,2009,Venstre,2007-2011,238,2009_10
Hans Kristian Skibby,0.646150226054446,0.3514204520322892,Hans Kristian Skibby,20091_M6_referat,20091,6,"Referat af møde 6 den 22. oktober, 2009 kl. 10.00",22-10-2009,1588,2009-10-22T10:37:00Z,2009,Dansk Folkeparti,2007-2011,749,2009_10
Helge Adam Møller,0.07987206055417287,0.24678613583705902,Helge Adam Møller,20091_M6_referat,20091,6,"Referat af møde 6 den 22. oktober, 2009 kl. 10.00",22-10-2009,1785,2009-10-22T15:17:00Z,2009,Det Konservative Folkeparti,2007-2011,72,2009_10
Helle Sjelle,0.8176457741857438,0.6224775611562101,Helle Sjelle,20091_M6_referat,20091,6,"Referat af møde 6 den 22. oktober, 2009 kl. 10.00",22-10-2009,1647,2009-10-22T13:15:00Z,2009,Det Konservative Folkeparti,2007-2011,339,2009_10
Helle Thorning-Schmidt,-0.15882278355115756,0.07966199627115995,Helle Thorning-Schmidt,20091_M3_referat,20091,3,"Referat af møde 3 den 8. oktober, 2009 kl. 10.00",08-10-2009,413,2009-10-08T13:33:00Z,2009,Socialdemokratiet,2007-2011,232,2009_10
Henriette Kjær,-0.1958247376776433,0.08173102948438805,Henriette Kjær,20091_M3_referat,20091,3,"Referat af møde 3 den 8. oktober, 2009 kl. 10.00",08-10-2009,770,2009-10-08T17:36:00Z,2009,Det Konservative Folkeparti,2007-2011,163,2009_10
Henrik Brodersen,-0.4517137914159072,0.3706009661779227,Henrik Brodersen,20091_M5_referat,20091,5,"Referat af møde 5 den 21. oktober, 2009 kl. 13.00",21-10-2009,1542,2009-10-21T17:57:00Z,2009,Dansk Folkeparti,2007-2011,282,2009_10
Henrik Høegh,0,0.25,Henrik Høegh,20091_M8_referat,20091,8,"Referat af møde 8 den 29. oktober, 2009 kl. 10.00",29-10-2009,2104,2009-10-29T13:46:00Z,2009,Venstre,2007-2011,116,2009_10
Henrik Sass Larsen,-0.18497684543355652,0.43804123022882974,Henrik Sass Larsen,20091_M3_referat,20091,3,"Referat af møde 3 den 8. oktober, 2009 kl. 10.00",08-10-2009,231,2009-10-08T10:36:00Z,2009,Socialdemokratiet,2007-2011,202,2009_10
Ida Auken,-0.025791288966748576,0.13600192440526862,Ida Auken,20091_M2_referat,20091,2,"Referat af møde 2 den 7. oktober, 2009 kl. 13.00",07-10-2009,5,2009-10-07T13:00:00Z,2009,Socialistisk Folkeparti,2007-2011,59,2009_10
Inger Støjberg,-0.09472353153689869,0.08899386960279708,Inger Støjberg,20091_M9_referat,20091,9,"Referat af møde 9 den 30. oktober, 2009 kl. 10.00",30-10-2009,2492,2009-10-30T10:27:00Z,2009,Venstre,2007-2011,207,2009_10
Jacob Jensen,0.6238794641184281,0.27217490099327896,Jacob Jensen,20091_M3_referat,20091,3,"Referat af møde 3 den 8. oktober, 2009 kl. 10.00",08-10-2009,374,2009-10-08T13:12:00Z,2009,Venstre,2007-2011,174,2009_10
Jens Kirk,0,0.5,Jens Kirk,20091_M8_referat,20091,8,"Referat af møde 8 den 29. oktober, 2009 kl. 10.00",29-10-2009,2078,2009-10-29T13:32:00Z,2009,Venstre,2007-2011,80,2009_10
Jens Vibjerg,-0.041940454714921555,0.21144030412025547,Jens Vibjerg,20091_M5_referat,20091,5,"Referat af møde 5 den 21. oktober, 2009 kl. 13.00",21-10-2009,1510,2009-10-21T16:36:00Z,2009,Venstre,2007-2011,51,2009_10
Jesper Petersen,-0.5263450922820722,0.13638753809664714,Jesper Petersen,20091_M4_referat,20091,4,"Referat af møde 4 den 20. oktober, 2009 kl. 13.00",20-10-2009,1280,2009-10-20T15:30:00Z,2009,Socialistisk Folkeparti,2007-2011,144,2009_10
Johanne Schmidt-Nielsen,0.7614147379261476,0.20769981632519358,Johanne Schmidt-Nielsen,20091_M3_referat,20091,3,"Referat af møde 3 den 8. oktober, 2009 kl. 10.00",08-10-2009,905,2009-10-08T20:10:00Z,2009,Enhedslisten,2007-2011,124,2009_10
John Dyrby Paulsen,0,0.5,John Dyrby Paulsen,20091_M9_referat,20091,9,"Referat af møde 9 den 30. oktober, 2009 kl. 10.00",30-10-2009,2533,2009-10-30T10:58:00Z,2009,Socialdemokratiet,2007-2011,452,2009_10
Jonas Dahl,0.048758255940491796,0.24161105004996383,Jonas Dahl,20091_M3_referat,20091,3,"Referat af møde 3 den 8. oktober, 2009 kl. 10.00",08-10-2009,678,2009-10-08T16:38:00Z,2009,Socialistisk Folkeparti,2007-2011,140,2009_10
Julie Skovsby,0.3014614354212921,0.2487579267188272,Julie Skovsby,20091_M8_referat,20091,8,"Referat af møde 8 den 29. oktober, 2009 kl. 10.00",29-10-2009,2260,2009-10-29T15:45:00Z,2009,Socialdemokratiet,2007-2011,91,2009_10
Jørn Dohrmann,-0.09422710105175752,0.10664926412892294,Jørn Dohrmann,20091_M6_referat,20091,6,"Referat af møde 6 den 22. oktober, 2009 kl. 10.00",22-10-2009,1764,2009-10-22T15:00:00Z,2009,Dansk Folkeparti,2007-2011,204,2009_10
Karen Hækkerup,-0.3698188842200837,0.13506827965662282,Karen Hækkerup,20091_M6_referat,20091,6,"Referat af møde 6 den 22. oktober, 2009 kl. 10.00",22-10-2009,1559,2009-10-22T10:12:00Z,2009,Socialdemokratiet,2007-2011,133,2009_10
Karin Nødgaard,0.7919105253902106,0.4696595686316763,Karin Nødgaard,20091_M6_referat,20091,6,"Referat af møde 6 den 22. oktober, 2009 kl. 10.00",22-10-2009,1627,2009-10-22T11:49:00Z,2009,Dansk Folkeparti,2007-2011,526,2009_10
Karina Lorentzen Dehnhardt,-0.3743187641067783,0.15677692447615554,Karina Lorentzen Dehnhardt,20091_M6_referat,20091,6,"Referat af møde 6 den 22. oktober, 2009 kl. 10.00",22-10-2009,1558,2009-10-22T10:09:00Z,2009,Socialistisk Folkeparti,2007-2011,104,2009_10
Karsten Lauritzen,0.9091966630103729,0.2615306065630883,Karsten Lauritzen,20091_M7_referat,20091,7,"Referat af møde 7 den 23. oktober, 2009 kl. 10.00",23-10-2009,1916,2009-10-23T12:00:00Z,2009,Venstre,2007-2011,294,2009_10
Karsten Nonbo,-0.46144890642561154,0.328824999401992,Karsten Nonbo,20091_M8_referat,20091,8,"Referat af møde 8 den 29. oktober, 2009 kl. 10.00",29-10-2009,2023,2009-10-29T11:39:00Z,2009,Venstre,2007-2011,202,2009_10
Kim Andersen,0,0.7071067811865476,Kim Andersen,20091_M4_referat,20091,4,"Referat af møde 4 den 20. oktober, 2009 kl. 13.00",20-10-2009,1097,2009-10-20T13:02:00Z,2009,Venstre,2007-2011,112,2009_10
Kirsten Brosbøl,0.29882151213461816,0.24180249572483206,Kirsten Brosbøl,20091_M8_referat,20091,8,"Referat af møde 8 den 29. oktober, 2009 kl. 10.00",29-10-2009,2226,2009-10-29T15:14:00Z,2009,Socialdemokratiet,2007-2011,199,2009_10
Klaus Hækkerup,-0.42909731968010134,0.2605727697807158,Klaus Hækkerup,20091_M4_referat,20091,4,"Referat af møde 4 den 20. oktober, 2009 kl. 13.00",20-10-2009,1258,2009-10-20T15:16:00Z,2009,Socialdemokratiet,2007-2011,170,2009_10
Knud Kristensen,-0.2909428514146253,0.10091054676836789,Knud Kristensen,20091_M8_referat,20091,8,"Referat af møde 8 den 29. oktober, 2009 kl. 10.00",29-10-2009,2166,2009-10-29T14:24:00Z,2009,Det Konservative Folkeparti,2007-2011,421,2009_10
Kristen Touborg,-1.0335834711873644,0.2715146264237637,Kristen Touborg,20091_M5_referat,20091,5,"Referat af møde 5 den 21. oktober, 2009 kl. 13.00",21-10-2009,1533,2009-10-21T17:09:00Z,2009,Socialistisk Folkeparti,2007-2011,1027,2009_10
Kristian Jensen,-0.41655079720553423,0.14104028833158502,Kristian Jensen,20091_M4_referat,20091,4,"Referat af møde 4 den 20. oktober, 2009 kl. 13.00",20-10-2009,1296,2009-10-20T15:38:00Z,2009,Venstre,2007-2011,143,2009_10
Kristian Pihl Lorentzen,0,0.5,Kristian Pihl Lorentzen,20091_M4_referat,20091,4,"Referat af møde 4 den 20. oktober, 2009 kl. 13.00",20-10-2009,1175,2009-10-20T14:06:00Z,2009,Venstre,2007-2011,140,2009_10
Kristian Thulesen Dahl,0.5920178326105363,0.2749712393316557,Kristian Thulesen Dahl,20091_M3_referat,20091,3,"Referat af møde 3 den 8. oktober, 2009 kl. 10.00",08-10-2009,337,2009-10-08T11:52:00Z,2009,Dansk Folkeparti,2007-2011,265,2009_10
Lars Løkke Rasmussen,-0.34344974260639966,0.07686088756828707,Lars Løkke Rasmussen,20091_M3_referat,20091,3,"Referat af møde 3 den 8. oktober, 2009 kl. 10.00",08-10-2009,964,2009-10-08T22:19:00Z,2009,Venstre,2007-2011,271,2009_10
Leif Lahn Jensen,0.34553004251782166,0.17138361776223113,Leif Lahn Jensen,20091_M5_referat,20091,5,"Referat af møde 5 den 21. oktober, 2009 kl. 13.00",21-10-2009,1434,2009-10-21T15:08:00Z,2009,Socialdemokratiet,2007-2011,836,2009_10
Line Barfod,0.03122265720705375,0.14868909813323244,Line Barfod,20091_M5_referat,20091,5,"Referat af møde 5 den 21. oktober, 2009 kl. 13.00",21-10-2009,1408,2009-10-21T14:26:00Z,2009,Enhedslisten,2007-2011,68,2009_10
Lone Dybkjær,-0.19386277186554193,0.11768044834068239,Lone Dybkjær,20091_M8_referat,20091,8,"Referat af møde 8 den 29. oktober, 2009 kl. 10.00",29-10-2009,2428,2009-10-29T17:46:00Z,2009,Det Radikale Venstre,2007-2011,144,2009_10
Louise Schack Elholm,0.6097435885147191,0.44725700195794454,Louise Schack Elholm,20091_M3_referat,20091,3,"Referat af møde 3 den 8. oktober, 2009 kl. 10.00",08-10-2009,561,2009-10-08T15:18:00Z,2009,Venstre,2007-2011,150,2009_10
Maja Panduro,0.48057686682341333,0.3740927616739896,Maja Panduro,20091_M3_referat,20091,3,"Referat af møde 3 den 8. oktober, 2009 kl. 10.00",08-10-2009,686,2009-10-08T16:41:00Z,2009,Enhedslisten,2007-2011,272,2009_10
Malou Aamund,0.5577039289356508,0.38153091552631646,Malou Aamund,20091_M3_referat,20091,3,"Referat af møde 3 den 8. oktober, 2009 kl. 10.00",08-10-2009,797,2009-10-08T17:53:00Z,2009,Ny Alliance,2007-2011,127,2009_10
Margrethe Vestager,0.09430782672370161,0.08873945231445221,Margrethe Vestager,20091_M3_referat,20091,3,"Referat af møde 3 den 8. oktober, 2009 kl. 10.00",08-10-2009,838,2009-10-08T19:15:00Z,2009,Det Radikale Venstre,2007-2011,189,2009_10
Marianne Jelved,-0.503326330146571,0.3059624279532978,Marianne Jelved,20091_M3_referat,20091,3,"Referat af møde 3 den 8. oktober, 2009 kl. 10.00",08-10-2009,474,2009-10-08T14:17:00Z,2009,Det Radikale Venstre,2007-2011,85,2009_10
Marion Pedersen,-0.770043751061679,0.4852173309796661,Marion Pedersen,20091_M5_referat,20091,5,"Referat af møde 5 den 21. oktober, 2009 kl. 13.00",21-10-2009,1519,2009-10-21T16:46:00Z,2009,Venstre,2007-2011,814,2009_10
Marlene Harpsøe,-0.25547279584896804,0.3472266112086725,Marlene Harpsøe,20091_M8_referat,20091,8,"Referat af møde 8 den 29. oktober, 2009 kl. 10.00",29-10-2009,2027,2009-10-29T11:48:00Z,2009,Dansk Folkeparti,2007-2011,440,2009_10
Martin Henriksen,0.5365953606356763,0.531152299506119,Martin Henriksen,20091_M3_referat,20091,3,"Referat af møde 3 den 8. oktober, 2009 kl. 10.00",08-10-2009,854,2009-10-08T19:30:00Z,2009,Dansk Folkeparti,2007-2011,180,2009_10
Mette Gjerskov,-0.4372986270654765,0.495117472605753,Mette Gjerskov,20091_M3_referat,20091,3,"Referat af møde 3 den 8. oktober, 2009 kl. 10.00",08-10-2009,1069,2009-10-08T23:29:00Z,2009,Socialdemokratiet,2007-2011,120,2009_10
Mike Legarth,0.2623761535192407,0.1372138396135947,Mike Legarth,20091_M7_referat,20091,7,"Referat af møde 7 den 23. oktober, 2009 kl. 10.00",23-10-2009,1797,2009-10-23T10:13:00Z,2009,Det Konservative Folkeparti,2007-2011,160,2009_10
Mikkel Dencker,0.5282546463917441,0.16023228838936826,Mikkel Dencker,20091_M4_referat,20091,4,"Referat af møde 4 den 20. oktober, 2009 kl. 13.00",20-10-2009,1187,2009-10-20T14:18:00Z,2009,Dansk Folkeparti,2007-2011,333,2009_10
Mogens Jensen,0.5192604983832394,0.19213689201461992,Mogens Jensen,20091_M6_referat,20091,6,"Referat af møde 6 den 22. oktober, 2009 kl. 10.00",22-10-2009,1641,2009-10-22T13:08:00Z,2009,Socialdemokratiet,2007-2011,93,2009_10
Mogens Lykketoft,0.8743940046441602,0.3964908228146838,Mogens Lykketoft,20091_M3_referat,20091,3,"Referat af møde 3 den 8. oktober, 2009 kl. 10.00",08-10-2009,358,2009-10-08T13:03:00Z,2009,Socialdemokratiet,2007-2011,52,2009_10
Morten Bødskov,-0.34050643572314265,0.3172225042906207,Morten Bødskov,20091_M3_referat,20091,3,"Referat af møde 3 den 8. oktober, 2009 kl. 10.00",08-10-2009,979,2009-10-08T22:29:00Z,2009,Socialdemokratiet,2007-2011,431,2009_10
Morten Østergaard,-0.39435451459583093,0.19796343606863467,Morten Østergaard,20091_M3_referat,20091,3,"Referat af møde 3 den 8. oktober, 2009 kl. 10.00",08-10-2009,500,2009-10-08T14:33:00Z,2009,Det Radikale Venstre,2007-2011,202,2009_10
Naser Khader,0.8046906778279174,0.6161002647915417,Naser Khader,20091_M6_referat,20091,6,"Referat af møde 6 den 22. oktober, 2009 kl. 10.00",22-10-2009,1590,2009-10-22T10:45:00Z,2009,Ny Alliance,2007-2011,244,2009_10
Nick Hækkerup,-0.394490639815701,0.3338028809436569,Nick Hækkerup,20091_M3_referat,20091,3,"Referat af møde 3 den 8. oktober, 2009 kl. 10.00",08-10-2009,994,2009-10-08T22:40:00Z,2009,Socialdemokratiet,2007-2011,223,2009_10
Niels Helveg Petersen,-0.14351934150606782,0.35315595220873225,Niels Helveg Petersen,20091_M9_referat,20091,9,"Referat af møde 9 den 30. oktober, 2009 kl. 10.00",30-10-2009,2488,2009-10-30T10:24:00Z,2009,Radikale Venstre,2007-2011,156,2009_10
Niels Sindal,-0.6698642980992887,0.5054850873664702,Niels Sindal,20091_M5_referat,20091,5,"Referat af møde 5 den 21. oktober, 2009 kl. 13.00",21-10-2009,1535,2009-10-21T17:22:00Z,2009,Socialdemokratiet,2007-2011,154,2009_10
Ole Hækkerup,-0.3234992530359834,0.2480034540615197,Ole Hækkerup,20091_M8_referat,20091,8,"Referat af møde 8 den 29. oktober, 2009 kl. 10.00",29-10-2009,1935,2009-10-29T10:05:00Z,2009,Socialdemokratiet,2007-2011,625,2009_10
Ole Sohn,-0.6538088639672048,0.5767718238494386,Ole Sohn,20091_M3_referat,20091,3,"Referat af møde 3 den 8. oktober, 2009 kl. 10.00",08-10-2009,238,2009-10-08T10:41:00Z,2009,Socialistisk Folkeparti,2007-2011,113,2009_10
Orla Hav,0.47252781641584474,0.41210270277901245,Orla Hav,20091_M3_referat,20091,3,"Referat af møde 3 den 8. oktober, 2009 kl. 10.00",08-10-2009,516,2009-10-08T14:41:00Z,2009,Socialdemokratiet,2007-2011,113,2009_10
Per Bisgaard,0.6362891108617622,0.5370122530552306,Per Bisgaard,20091_M6_referat,20091,6,"Referat af møde 6 den 22. oktober, 2009 kl. 10.00",22-10-2009,1603,2009-10-22T11:05:00Z,2009,Venstre,2007-2011,514,2009_10
Per Clausen,0.1881051547514402,0.07190250550626325,Per Clausen,20091_M6_referat,20091,6,"Referat af møde 6 den 22. oktober, 2009 kl. 10.00",22-10-2009,1611,2009-10-22T11:21:00Z,2009,Enhedslisten,2007-2011,826,2009_10
Per Dalgaard,0,0.816496580927726,Per Dalgaard,20091_M8_referat,20091,8,"Referat af møde 8 den 29. oktober, 2009 kl. 10.00",29-10-2009,1937,2009-10-29T10:09:00Z,2009,Dansk Folkeparti,2007-2011,267,2009_10
Per Ørum Jørgensen,0.020346169242173313,0.08921905492529836,Per Ørum Jørgensen,20091_M8_referat,20091,8,"Referat af møde 8 den 29. oktober, 2009 kl. 10.00",29-10-2009,1959,2009-10-29T10:29:00Z,2009,Det Konservative Folkeparti,2007-2011,187,2009_10
Pernille Frahm,0.1638587502192193,0.13102873678765511,Pernille Frahm,20091_M5_referat,20091,5,"Referat af møde 5 den 21. oktober, 2009 kl. 13.00",21-10-2009,1441,2009-10-21T15:43:00Z,2009,Socialistisk Folkeparti,2007-2011,93,2009_10
Pernille Vigsø Bagge,0.3972013209826502,0.38448815354931004,Pernille Vigsø Bagge,20091_M3_referat,20091,3,"Referat af møde 3 den 8. oktober, 2009 kl. 10.00",08-10-2009,270,2009-10-08T10:56:00Z,2009,Socialistisk Folkeparti,2007-2011,181,2009_10
Peter Christensen,-0.362846439791112,0.11399929804723016,Peter Christensen,20091_M3_referat,20091,3,"Referat af møde 3 den 8. oktober, 2009 kl. 10.00",08-10-2009,283,2009-10-08T11:05:00Z,2009,Venstre,2007-2011,169,2009_10
Peter Juel Jensen,0,0.6324555320336759,Peter Juel Jensen,20091_M9_referat,20091,9,"Referat af møde 9 den 30. oktober, 2009 kl. 10.00",30-10-2009,2453,2009-10-30T10:01:00Z,2009,Venstre,2007-2011,218,2009_10
Peter Skaarup,0.5372954432754294,0.5287429289988198,Peter Skaarup,20091_M3_referat,20091,3,"Referat af møde 3 den 8. oktober, 2009 kl. 10.00",08-10-2009,625,2009-10-08T15:53:00Z,2009,Dansk Folkeparti,2007-2011,278,2009_10
Pia Adelsteen,0.011704410405125723,0.42451051961017017,Pia Adelsteen,20091_M3_referat,20091,3,"Referat af møde 3 den 8. oktober, 2009 kl. 10.00",08-10-2009,403,2009-10-08T13:27:00Z,2009,Dansk Folkeparti,2007-2011,57,2009_10
Pia Christmas-Møller,1.4867464500943868,2.8927375578303396,Christmas-Møller,20091_M2_referat,20091,2,"Referat af møde 2 den 7. oktober, 2009 kl. 13.00",07-10-2009,11,2009-10-07T13:02:00Z,2009,Det Konservative Folkeparti,2007-2011,460,2009_10
Pia Kjærsgaard,0.3004657924029019,0.0987201678227515,Pia Kjærsgaard,20091_M3_referat,20091,3,"Referat af møde 3 den 8. oktober, 2009 kl. 10.00",08-10-2009,313,2009-10-08T11:33:00Z,2009,Dansk Folkeparti,2007-2011,286,2009_10
Pia Olsen Dyhr,0,0.3333333333333333,Pia Olsen Dyhr,20091_M4_referat,20091,4,"Referat af møde 4 den 20. oktober, 2009 kl. 13.00",20-10-2009,1198,2009-10-20T14:24:00Z,2009,Socialistisk Folkeparti,2007-2011,529,2009_10
Rasmus Prehn,0.4160084505837778,0.19262943833235216,Rasmus Prehn,20091_M2_referat,20091,2,"Referat af møde 2 den 7. oktober, 2009 kl. 13.00",07-10-2009,4,2009-10-07T13:00:00Z,2009,Socialdemokratiet,2007-2011,62,2009_10
René Christensen,0,0.3651483716701107,René Christensen,20091_M8_referat,20091,8,"Referat af møde 8 den 29. oktober, 2009 kl. 10.00",29-10-2009,2084,2009-10-29T13:36:00Z,2009,Socialdemokratiet,2007-2011,327,2009_10
Simon Emil Ammitzbøll,-0.21289349211352052,0.10670976988348456,Simon Emil Ammitzbøll,20091_M3_referat,20091,3,"Referat af møde 3 den 8. oktober, 2009 kl. 10.00",08-10-2009,221,2009-10-08T10:29:00Z,2009,Det Radikale Venstre,2007-2011,197,2009_10
Sophie Hæstorp Andersen,0.004340162976452712,0.22534146484870057,Sophie Hæstorp Andersen,20091_M3_referat,20091,3,"Referat af møde 3 den 8. oktober, 2009 kl. 10.00",08-10-2009,640,2009-10-08T16:14:00Z,2009,Socialdemokratiet,2007-2011,221,2009_10
Sophie Løhde,0.5953780883032533,0.5508172945355954,Sophie Løhde,20091_M3_referat,20091,3,"Referat af møde 3 den 8. oktober, 2009 kl. 10.00",08-10-2009,833,2009-10-08T19:11:00Z,2009,Venstre,2007-2011,128,2009_10
Steen Gade,-0.44542361259030666,0.497741223539616,Steen Gade,20091_M3_referat,20091,3,"Referat af møde 3 den 8. oktober, 2009 kl. 10.00",08-10-2009,1041,2009-10-08T23:10:00Z,2009,Socialistisk Folkeparti,2007-2011,195,2009_10
Søren Espersen,2.3313542576343087,1.609636140133083,Søren Espersen,20091_M3_referat,20091,3,"Referat af møde 3 den 8. oktober, 2009 kl. 10.00",08-10-2009,600,2009-10-08T15:42:00Z,2009,Dansk Folkeparti,2007-2011,208,2009_10
Søren Gade,0.19636748080652985,0.13988135911069924,Søren Gade,20091_M5_referat,20091,5,"Referat af møde 5 den 21. oktober, 2009 kl. 13.00",21-10-2009,1413,2009-10-21T14:27:00Z,2009,Venstre,2007-2011,411,2009_10
Søren Krarup,-0.25389657299142426,0.32437338287870476,Søren Krarup,20091_M5_referat,20091,5,"Referat af møde 5 den 21. oktober, 2009 kl. 13.00",21-10-2009,1376,2009-10-21T14:01:00Z,2009,Dansk Folkeparti,2007-2011,51,2009_10
Søren Pind,0.6612972780812775,0.4677678404211742,Søren Pind,20091_M3_referat,20091,3,"Referat af møde 3 den 8. oktober, 2009 kl. 10.00",08-10-2009,388,2009-10-08T13:19:00Z,2009,Venstre,2007-2011,133,2009_10
Thomas Jensen,-0.03250561536060773,0.13433979036718072,Thomas Jensen,20091_M6_referat,20091,6,"Referat af møde 6 den 22. oktober, 2009 kl. 10.00",22-10-2009,1744,2009-10-22T14:43:00Z,2009,Socialdemokratiet,2007-2011,142,2009_10
Tina Nedergaard,0.1360632767535432,0.2827126101487969,Tina Nedergaard,20091_M3_referat,20091,3,"Referat af møde 3 den 8. oktober, 2009 kl. 10.00",08-10-2009,354,2009-10-08T13:00:00Z,2009,Venstre,2007-2011,96,2009_10
Tom Behnke,0.3614734586930397,0.2805495717542199,Tom Behnke,20091_M3_referat,20091,3,"Referat af møde 3 den 8. oktober, 2009 kl. 10.00",08-10-2009,866,2009-10-08T19:49:00Z,2009,Det Konservative Folkeparti,2007-2011,152,2009_10
Torsten Schack Pedersen,0.5228363503244748,0.20590993526597542,Torsten Schack Pedersen,20091_M3_referat,20091,3,"Referat af møde 3 den 8. oktober, 2009 kl. 10.00",08-10-2009,331,2009-10-08T11:48:00Z,2009,Venstre,2007-2011,205,2009_10
Troels Christensen,0.8609771316463841,0.6440607414207642,Troels Christensen,20091_M6_referat,20091,6,"Referat af møde 6 den 22. oktober, 2009 kl. 10.00",22-10-2009,1631,2009-10-22T13:00:00Z,2009,Venstre,2007-2011,414,2009_10
Villum Christensen,0,0.816496580927726,Villum Christensen,20091_M8_referat,20091,8,"Referat af møde 8 den 29. oktober, 2009 kl. 10.00",29-10-2009,1986,2009-10-29T10:50:00Z,2009,Det Konservative Folkeparti,2007-2011,460,2009_10
Villy Søvndal,-0.005081720391564461,0.08577003710757977,Villy Søvndal,20091_M3_referat,20091,3,"Referat af møde 3 den 8. oktober, 2009 kl. 10.00",08-10-2009,203,2009-10-08T10:16:00Z,2009,Socialistisk Folkeparti,2007-2011,180,2009_10
Vivi Kier,0.6166316368584585,0.45006321379757264,Vivi Kier,20091_M3_referat,20091,3,"Referat af møde 3 den 8. oktober, 2009 kl. 10.00",08-10-2009,569,2009-10-08T15:22:00Z,2009,Det Konservative Folkeparti,2007-2011,180,2009_10
Yildiz Akdogan,0.06592620517594364,0.4251529912759632,Yildiz Akdogan,20091_M3_referat,20091,3,"Referat af møde 3 den 8. oktober, 2009 kl. 10.00",08-10-2009,298,2009-10-08T11:12:00Z,2009,Socialdemokratiet,2007-2011,98,2009_10
Özlem Sara Cekic,-0.061175360106519264,0.4234307507279922,Özlem Sara Cekic,20091_M3_referat,20091,3,"Referat af møde 3 den 8. oktober, 2009 kl. 10.00",08-10-2009,508,2009-10-08T14:38:00Z,2009,Socialistisk Folkeparti,2007-2011,152,2009_10
