row_names,theta,se,Title,id,Samling,Nr,Titel,Dato,speaker_id,Date,Year,Parti,Period,n_words,Month,coalition
Addi Andersen,-0.11718354406622777,0.6982395703981463,Addi Andersen,19901_M19_referat,19901,19,Referat af møde nr. 19 den 20. november 1990 kl. 13:00,20-11-1990,2054,1990-11-20T13:00:00Z,1990,Det Konservative Folkeparti,1988-1990,212,1990-11-01,Yes
Anders Fogh Rasmussen,-0.04076806938636132,0.13101516515659248,Fogh Rasmussen,19901_M20_referat,19901,20,Referat af møde nr. 20 den 21. november 1990 kl. 13:00,21-11-1990,2253,1990-11-21T13:00:00Z,1990,Venstre,1988-1990,165,1990-11-01,Yes
Anker Jørgensen,0,0.7071067811865476,Anker Jørgensen,19901_M20_referat,19901,20,Referat af møde nr. 20 den 21. november 1990 kl. 13:00,21-11-1990,2296,1990-11-21T13:00:00Z,1990,Socialdemokratiet,1988-1990,1352,1990-11-01,No
Annette Just,-0.08428349533845873,0.2990280845846892,Annette Just,19901_M20_referat,19901,20,Referat af møde nr. 20 den 21. november 1990 kl. 13:00,21-11-1990,2190,1990-11-21T13:00:00Z,1990,Fremskridtspartiet,1988-1990,80,1990-11-01,No
Arne Melchior,-0.7489678926263118,0.4955593925462995,Arne Melchior,19901_M13_referat,19901,13,Referat af møde nr. 13 den 6. november 1990 kl. 13:00,06-11-1990,1415,1990-11-06T13:00:00Z,1990,Centrum-Demokraterne,1988-1990,1603,1990-11-01,No
Asbjørn Agerschou,-0.1786100432802785,0.1755481449315559,Agerschou,19901_M14_referat,19901,14,Referat af møde nr. 14 den 7. november 1990 kl. 13:00,07-11-1990,1545,1990-11-07T13:00:00Z,1990,Socialistisk Folkeparti,1988-1990,58,1990-11-01,No
Bente Juncker,0.25122795292128275,0.2983146424637162,Bente Juncker,19901_M14_referat,19901,14,Referat af møde nr. 14 den 7. november 1990 kl. 13:00,07-11-1990,1599,1990-11-07T13:00:00Z,1990,Centrum-Demokraterne,1988-1990,530,1990-11-01,No
Birgitte Husmark,0,0.3779644730092272,Birgitte Husmark,19901_M18_referat,19901,18,Referat af møde nr. 18 den 15. november 1990 kl. 10:00,15-11-1990,1856,1990-11-15T10:00:00Z,1990,Socialistisk Folkeparti,1988-1990,54,1990-11-01,No
Birthe Hansen,-0.056561347155342015,0.2919396373379683,Birthe Hansen,19901_M12_referat,19901,12,Referat af møde nr. 12 den 1. november 1990 kl. 10:00,01-11-1990,1354,1990-11-01T10:00:00Z,1990,Socialistisk Folkeparti,1988-1990,673,1990-11-01,No
Børge Bakholt,0,0.6324555320336759,Bakholt,19901_M13_referat,19901,13,Referat af møde nr. 13 den 6. november 1990 kl. 13:00,06-11-1990,1463,1990-11-06T13:00:00Z,1990,Socialdemokratiet,1988-1990,990,1990-11-01,No
Christian O Aagaard,0,0.6324555320336759,Aagaard,19901_M17_referat,19901,17,Referat af møde nr. 17 den 14. november 1990 kl. 13:00,14-11-1990,1832,1990-11-14T13:00:00Z,1990,Det Konservative Folkeparti,1988-1990,691,1990-11-01,Yes
Dorte Bennedsen,-0.07527868469252288,0.24271036821084163,Dorte Bennedsen,19901_M19_referat,19901,19,Referat af møde nr. 19 den 20. november 1990 kl. 13:00,20-11-1990,2096,1990-11-20T13:00:00Z,1990,Socialdemokratiet,1988-1990,288,1990-11-01,No
Ebba Strange,0.03034089254412064,0.43750723081330295,Ebba Strange,19901_M18_referat,19901,18,Referat af møde nr. 18 den 15. november 1990 kl. 10:00,15-11-1990,1921,1990-11-15T10:00:00Z,1990,Socialistisk Folkeparti,1988-1990,107,1990-11-01,No
Elisabeth Arnold,-0.26893369758707647,0.14069591773673648,Elisabeth Arnold,19901_M15_referat,19901,15,Referat af møde nr. 15 den 8. november 1990 kl. 10:00,08-11-1990,1664,1990-11-08T10:00:00Z,1990,Radikale Venstre,1988-1990,68,1990-11-01,Yes
Else Theill Sørensen,-0.243693038485595,0.1554331211747281,Else Theill Sørensen,19901_M15_referat,19901,15,Referat af møde nr. 15 den 8. november 1990 kl. 10:00,08-11-1990,1660,1990-11-08T10:00:00Z,1990,Socialdemokratiet,1988-1990,195,1990-11-01,No
Else Winther Andersen,0.02375194263184758,0.5325944977909414,Else Winther Andersen,19901_M18_referat,19901,18,Referat af møde nr. 18 den 15. november 1990 kl. 10:00,15-11-1990,1990,1990-11-15T10:00:00Z,1990,Venstre,1988-1990,169,1990-11-01,Yes
Erhard Jakobsen,0,0.7071067811865476,Erhard Jakobsen,19901_M18_referat,19901,18,Referat af møde nr. 18 den 15. november 1990 kl. 10:00,15-11-1990,1948,1990-11-15T10:00:00Z,1990,Centrum-Demokraterne,1988-1990,1065,1990-11-01,No
Erling Christensen,0.13216672930344597,0.20058610112054068,Erling Christensen,19901_M19_referat,19901,19,Referat af møde nr. 19 den 20. november 1990 kl. 13:00,20-11-1990,2040,1990-11-20T13:00:00Z,1990,Socialdemokratiet,1988-1990,557,1990-11-01,No
Ester Larsen,-1.8292920737991827,1.5643606090086806,Ester Larsen,19901_M19_referat,19901,19,Referat af møde nr. 19 den 20. november 1990 kl. 13:00,20-11-1990,2084,1990-11-20T13:00:00Z,1990,Venstre,1988-1990,497,1990-11-01,Yes
Eva Fatum,-0.26476677712378327,0.8886260603022033,Eva Fatum,19901_M17_referat,19901,17,Referat af møde nr. 17 den 14. november 1990 kl. 13:00,14-11-1990,1822,1990-11-14T13:00:00Z,1990,Socialdemokratiet,1988-1990,227,1990-11-01,No
Flemming Hansen,0,0.816496580927726,Flemming Hansen,19901_M20_referat,19901,20,Referat af møde nr. 20 den 21. november 1990 kl. 13:00,21-11-1990,2269,1990-11-21T13:00:00Z,1990,Det Konservative Folkeparti,1988-1990,87,1990-11-01,Yes
Flemming Kofod-Svendsen,-0.048191721083963364,0.29258109633186996,Kofod-Svendsen,19901_M17_referat,19901,17,Referat af møde nr. 17 den 14. november 1990 kl. 13:00,14-11-1990,1806,1990-11-14T13:00:00Z,1990,Kristeligt Folkeparti,1988-1990,488,1990-11-01,No
Gert Petersen,0,0.6324555320336759,Gert Petersen,19901_M13_referat,19901,13,Referat af møde nr. 13 den 6. november 1990 kl. 13:00,06-11-1990,1416,1990-11-06T13:00:00Z,1990,Socialistisk Folkeparti,1988-1990,172,1990-11-01,No
Hanne Andersen,0.2112041851910521,0.45526491058847984,Hanne Andersen,19901_M14_referat,19901,14,Referat af møde nr. 14 den 7. november 1990 kl. 13:00,07-11-1990,1602,1990-11-07T13:00:00Z,1990,Socialdemokratiet,1988-1990,99,1990-11-01,No
Hanne Thanning Jacobsen,0,0.5773502691896257,Hanne Thanning Jacobsen,19901_M13_referat,19901,13,Referat af møde nr. 13 den 6. november 1990 kl. 13:00,06-11-1990,1431,1990-11-06T13:00:00Z,1990,Socialistisk Folkeparti,1988-1990,193,1990-11-01,No
Hans Engell,0.08101838227000403,0.24974256162400166,Engell,19901_M17_referat,19901,17,Referat af møde nr. 17 den 14. november 1990 kl. 13:00,14-11-1990,1784,1990-11-14T13:00:00Z,1990,Det Konservative Folkeparti,1988-1990,169,1990-11-01,Yes
Hans Hækkerup,0,0.6324555320336759,Hans Hækkerup,19901_M13_referat,19901,13,Referat af møde nr. 13 den 6. november 1990 kl. 13:00,06-11-1990,1436,1990-11-06T13:00:00Z,1990,Socialdemokratiet,1988-1990,1007,1990-11-01,No
Hans Larsen-Ledet,0.026922977104092652,0.2590424274993645,Larsen-Ledet,19901_M14_referat,19901,14,Referat af møde nr. 14 den 7. november 1990 kl. 13:00,07-11-1990,1573,1990-11-07T13:00:00Z,1990,Radikale Venstre,1988-1990,81,1990-11-01,Yes
Helge Adam Møller,0.12300962960173213,0.38412319646860016,Helge Adam Møller,19901_M13_referat,19901,13,Referat af møde nr. 13 den 6. november 1990 kl. 13:00,06-11-1990,1398,1990-11-06T13:00:00Z,1990,Det Konservative Folkeparti,1988-1990,1434,1990-11-01,Yes
Helge Sander,0.11079010765358041,0.3982332548401234,Helge Sander,19901_M19_referat,19901,19,Referat af møde nr. 19 den 20. november 1990 kl. 13:00,20-11-1990,2124,1990-11-20T13:00:00Z,1990,Venstre,1988-1990,70,1990-11-01,Yes
Helle Degn,0.6456543805000998,0.4653483412267121,Helle Degn,19901_M18_referat,19901,18,Referat af møde nr. 18 den 15. november 1990 kl. 10:00,15-11-1990,1972,1990-11-15T10:00:00Z,1990,Socialdemokratiet,1988-1990,105,1990-11-01,No
Henning Dyremose,-0.1468713389580032,0.2546957106264856,Henning Dyremose,19901_M20_referat,19901,20,Referat af møde nr. 20 den 21. november 1990 kl. 13:00,21-11-1990,2227,1990-11-21T13:00:00Z,1990,Det Konservative Folkeparti,1988-1990,153,1990-11-01,Yes
Henning Lysholm Christensen,-0.10659132075817426,0.09004048662403957,Lysholm Christensen,19901_M15_referat,19901,15,Referat af møde nr. 15 den 8. november 1990 kl. 10:00,08-11-1990,1666,1990-11-08T10:00:00Z,1990,Kristeligt Folkeparti,1988-1990,74,1990-11-01,No
Henning Rasmussen,1.7105482865548765,0.5090283806299978,Henning Rasmussen,19901_M15_referat,19901,15,Referat af møde nr. 15 den 8. november 1990 kl. 10:00,08-11-1990,1668,1990-11-08T10:00:00Z,1990,Socialdemokratiet,1988-1990,64,1990-11-01,No
Holger Graversen,0,0.6324555320336759,Graversen,19901_M18_referat,19901,18,Referat af møde nr. 18 den 15. november 1990 kl. 10:00,15-11-1990,1974,1990-11-15T10:00:00Z,1990,Socialdemokratiet,1988-1990,338,1990-11-01,No
Inge Dahl-Sørensen,0.412477974113599,0.6331799690092765,Inge Dahl-Sørensen,19901_M16_referat,19901,16,Referat af møde nr. 16 den 13. november 1990 kl. 13:00,13-11-1990,1710,1990-11-13T13:00:00Z,1990,Venstre,1988-1990,69,1990-11-01,Yes
Inger Stilling Pedersen,-0.2516424956954602,0.16606788998511737,Inger Stilling Pedersen,19901_M19_referat,19901,19,Referat af møde nr. 19 den 20. november 1990 kl. 13:00,20-11-1990,2050,1990-11-20T13:00:00Z,1990,Kristeligt Folkeparti,1988-1990,199,1990-11-01,No
Ingerlise Koefoed,0.615758227612634,0.8204974971233759,Ingerlise Koefoed,19901_M19_referat,19901,19,Referat af møde nr. 19 den 20. november 1990 kl. 13:00,20-11-1990,2027,1990-11-20T13:00:00Z,1990,Socialistisk Folkeparti,1988-1990,405,1990-11-01,No
J Risgaard Knudsen,0.1025706527631154,0.5485110424073029,Risgaard Knudsen,19901_M14_referat,19901,14,Referat af møde nr. 14 den 7. november 1990 kl. 13:00,07-11-1990,1519,1990-11-07T13:00:00Z,1990,Socialdemokratiet,1988-1990,291,1990-11-01,No
Jan Køpke Christensen,-0.01451869196322532,0.2006134985276217,Køpke Christensen,19901_M18_referat,19901,18,Referat af møde nr. 18 den 15. november 1990 kl. 10:00,15-11-1990,1964,1990-11-15T10:00:00Z,1990,Fremskridtspartiet,1988-1990,181,1990-11-01,No
Jane Oksen,0.26671806083521427,0.3038772522654058,Jane Oksen,19901_M14_referat,19901,14,Referat af møde nr. 14 den 7. november 1990 kl. 13:00,07-11-1990,1597,1990-11-07T13:00:00Z,1990,Fremskridtspartiet,1988-1990,582,1990-11-01,No
Jens Rønholt,-0.059131306429968035,0.4635845028950293,Rønholt,19901_M15_referat,19901,15,Referat af møde nr. 15 den 8. november 1990 kl. 10:00,08-11-1990,1679,1990-11-08T10:00:00Z,1990,Det Konservative Folkeparti,1988-1990,101,1990-11-01,Yes
Jens Skrumsager Skau,-0.14266589485214792,0.323280863585225,Skrumsager Skau,19901_M18_referat,19901,18,Referat af møde nr. 18 den 15. november 1990 kl. 10:00,15-11-1990,1879,1990-11-15T10:00:00Z,1990,Venstre,1988-1990,1153,1990-11-01,Yes
Jes Lunde,0.8269996250876325,0.43612681748444837,Jes Lunde,19901_M20_referat,19901,20,Referat af møde nr. 20 den 21. november 1990 kl. 13:00,21-11-1990,2146,1990-11-21T13:00:00Z,1990,Socialistisk Folkeparti,1988-1990,215,1990-11-01,No
Jytte Andersen,-0.6640871488310112,0.4314997949767896,Jytte Andersen,19901_M14_referat,19901,14,Referat af møde nr. 14 den 7. november 1990 kl. 13:00,07-11-1990,1534,1990-11-07T13:00:00Z,1990,Socialdemokratiet,1988-1990,84,1990-11-01,No
Jytte Hilden,0,0.44721359549995793,Jytte Hilden,19901_M18_referat,19901,18,Referat af møde nr. 18 den 15. november 1990 kl. 10:00,15-11-1990,2004,1990-11-15T10:00:00Z,1990,Socialdemokratiet,1988-1990,579,1990-11-01,No
Jørgen Estrup,0.11545967024990185,0.3413423828299769,Jørgen Estrup,19901_M13_referat,19901,13,Referat af møde nr. 13 den 6. november 1990 kl. 13:00,06-11-1990,1477,1990-11-06T13:00:00Z,1990,Radikale Venstre,1988-1990,483,1990-11-01,Yes
Jørgen Winther,-0.0795599946060303,0.2538377587862334,Jørgen Winther,19901_M19_referat,19901,19,Referat af møde nr. 19 den 20. november 1990 kl. 13:00,20-11-1990,2099,1990-11-20T13:00:00Z,1990,Venstre,1988-1990,315,1990-11-01,Yes
Kai Dige Bach,-0.06475370785040888,0.40252347401136174,Kai Dige Bach,19901_M20_referat,19901,20,Referat af møde nr. 20 den 21. november 1990 kl. 13:00,21-11-1990,2277,1990-11-21T13:00:00Z,1990,Det Konservative Folkeparti,1988-1990,330,1990-11-01,Yes
Kaj Poulsen,0.138499376041347,0.5477612421840006,Kaj Poulsen,19901_M14_referat,19901,14,Referat af møde nr. 14 den 7. november 1990 kl. 13:00,07-11-1990,1521,1990-11-07T13:00:00Z,1990,Socialdemokratiet,1988-1990,61,1990-11-01,No
Kaj Stillinger,-0.2174541540610051,0.3103842553564966,Stillinger,19901_M20_referat,19901,20,Referat af møde nr. 20 den 21. november 1990 kl. 13:00,21-11-1990,2251,1990-11-21T13:00:00Z,1990,Socialistisk Folkeparti,1988-1990,282,1990-11-01,No
Karen Højte Jensen,0.11638331762581362,0.2780709436563801,Karen Højte Jensen,19901_M18_referat,19901,18,Referat af møde nr. 18 den 15. november 1990 kl. 10:00,15-11-1990,1975,1990-11-15T10:00:00Z,1990,Det Konservative Folkeparti,1988-1990,176,1990-11-01,Yes
Kirsten Jacobsen,0.1180457848227425,0.5028117749840096,Kirsten Jacobsen,19901_M14_referat,19901,14,Referat af møde nr. 14 den 7. november 1990 kl. 13:00,07-11-1990,1586,1990-11-07T13:00:00Z,1990,Fremskridtspartiet,1988-1990,175,1990-11-01,No
Kirsten Lee,-0.11405343007053811,0.20541090736937617,Kirsten Lee,19901_M17_referat,19901,17,Referat af møde nr. 17 den 14. november 1990 kl. 13:00,14-11-1990,1847,1990-11-14T13:00:00Z,1990,Radikale Venstre,1988-1990,259,1990-11-01,Yes
Kjeld Rahbæk Møller,0,0.816496580927726,Rahbæk Møller,19901_M20_referat,19901,20,Referat af møde nr. 20 den 21. november 1990 kl. 13:00,21-11-1990,2278,1990-11-21T13:00:00Z,1990,Socialistisk Folkeparti,1988-1990,81,1990-11-01,No
Klaus Hækkerup,-0.2769247419189673,0.2816218548243217,Klaus Hækkerup,19901_M18_referat,19901,18,Referat af møde nr. 18 den 15. november 1990 kl. 10:00,15-11-1990,1961,1990-11-15T10:00:00Z,1990,Socialdemokratiet,1988-1990,133,1990-11-01,No
Knud Enggaard,0,0.5,Enggaard,19901_M13_referat,19901,13,Referat af møde nr. 13 den 6. november 1990 kl. 13:00,06-11-1990,1423,1990-11-06T13:00:00Z,1990,Venstre,1988-1990,520,1990-11-01,Yes
Knud Glønborg,0,0.29488391230979427,Glønborg,19901_M13_referat,19901,13,Referat af møde nr. 13 den 6. november 1990 kl. 13:00,06-11-1990,1432,1990-11-06T13:00:00Z,1990,Kristeligt Folkeparti,1988-1990,111,1990-11-01,No
Knud Lind,0.4274284869213023,0.1499949381929473,Knud Lind,19901_M12_referat,19901,12,Referat af møde nr. 12 den 1. november 1990 kl. 10:00,01-11-1990,1380,1990-11-01T10:00:00Z,1990,Fremskridtspartiet,1988-1990,98,1990-11-01,No
Kristen Poulsgaard,-0.034476762674144436,0.2994884060383932,Poulsgaard,19901_M20_referat,19901,20,Referat af møde nr. 20 den 21. november 1990 kl. 13:00,21-11-1990,2309,1990-11-21T13:00:00Z,1990,Fremskridtspartiet,1988-1990,367,1990-11-01,No
Lars P Gammelgaard,0,0.816496580927726,Gammelgaard,19901_M20_referat,19901,20,Referat af møde nr. 20 den 21. november 1990 kl. 13:00,21-11-1990,2298,1990-11-21T13:00:00Z,1990,Det Konservative Folkeparti,1988-1990,1319,1990-11-01,Yes
Leif Hermann,1.1318987917249266,0.4038737037991981,Leif Hermann,19901_M14_referat,19901,14,Referat af møde nr. 14 den 7. november 1990 kl. 13:00,07-11-1990,1506,1990-11-07T13:00:00Z,1990,Socialistisk Folkeparti,1988-1990,148,1990-11-01,No
Lilli Gyldenkilde,1.8548719401212543,0.7213917212231289,Lilli Gyldenkilde,19901_M19_referat,19901,19,Referat af møde nr. 19 den 20. november 1990 kl. 13:00,20-11-1990,2119,1990-11-20T13:00:00Z,1990,Socialistisk Folkeparti,1988-1990,241,1990-11-01,No
Lis Noer Holmberg,-0.05262423441108973,0.45130104023994183,Lis Noer Holmberg,19901_M13_referat,19901,13,Referat af møde nr. 13 den 6. november 1990 kl. 13:00,06-11-1990,1480,1990-11-06T13:00:00Z,1990,Centrum-Demokraterne,1988-1990,447,1990-11-01,No
Lissa Mathiasen,0.08889439017812648,0.434946147370872,Lissa Mathiasen,19901_M19_referat,19901,19,Referat af møde nr. 19 den 20. november 1990 kl. 13:00,20-11-1990,2131,1990-11-20T13:00:00Z,1990,Socialdemokratiet,1988-1990,265,1990-11-01,No
Lizzie Lichtenberg,1.0163873672187118,0.5021235584124657,Lizzie Lichtenberg,19901_M17_referat,19901,17,Referat af møde nr. 17 den 14. november 1990 kl. 13:00,14-11-1990,1816,1990-11-14T13:00:00Z,1990,Det Konservative Folkeparti,1988-1990,90,1990-11-01,Yes
Margrete Auken,0,0.7071067811865476,Margrete Auken,19901_M17_referat,19901,17,Referat af møde nr. 17 den 14. november 1990 kl. 13:00,14-11-1990,1757,1990-11-14T13:00:00Z,1990,Socialistisk Folkeparti,1988-1990,252,1990-11-01,No
Marianne Jelved,0,0.7071067811865476,Marianne Jelved,19901_M12_referat,19901,12,Referat af møde nr. 12 den 1. november 1990 kl. 10:00,01-11-1990,1300,1990-11-01T10:00:00Z,1990,Radikale Venstre,1988-1990,1108,1990-11-01,Yes
Mimi Jakobsen,0.006285962530151794,0.6476607946133495,Mimi Jakobsen,19901_M23_referat,19901,23,Referat af møde nr. 23 den 27. november 1990 kl. 13:00,27-11-1990,2361,1990-11-27T13:05:00Z,1990,Centrum-Demokraterne,1988-1990,124,1990-11-01,No
Mogens Glistrup,-0.2582399137858987,0.16383950423874477,Glistrup,19901_M15_referat,19901,15,Referat af møde nr. 15 den 8. november 1990 kl. 10:00,08-11-1990,1673,1990-11-08T10:00:00Z,1990,Fremskridtspartiet,1988-1990,642,1990-11-01,No
Mogens Lykketoft,0,0.816496580927726,Lykketoft,19901_M17_referat,19901,17,Referat af møde nr. 17 den 14. november 1990 kl. 13:00,14-11-1990,1831,1990-11-14T13:00:00Z,1990,Socialdemokratiet,1988-1990,596,1990-11-01,No
Niels Helveg Petersen,0,0.4264014327112209,Niels Helveg Petersen,19901_M20_referat,19901,20,Referat af møde nr. 20 den 21. november 1990 kl. 13:00,21-11-1990,2173,1990-11-21T13:00:00Z,1990,Radikale Venstre,1988-1990,164,1990-11-01,Yes
Ole Espersen,0.13420548689761322,0.5473021988372188,Ole Espersen,19901_M14_referat,19901,14,Referat af møde nr. 14 den 7. november 1990 kl. 13:00,07-11-1990,1507,1990-11-07T13:00:00Z,1990,Socialdemokratiet,1988-1990,175,1990-11-01,No
Ole Løvig Simonsen,-0.18057599318441997,0.36780541691871543,Løvig Simonsen,19901_M14_referat,19901,14,Referat af møde nr. 14 den 7. november 1990 kl. 13:00,07-11-1990,1567,1990-11-07T13:00:00Z,1990,Socialdemokratiet,1988-1990,311,1990-11-01,No
Peder Sønderby,0,0.408248290463863,Sønderby,19901_M20_referat,19901,20,Referat af møde nr. 20 den 21. november 1990 kl. 13:00,21-11-1990,2300,1990-11-21T13:00:00Z,1990,Venstre,1988-1990,1768,1990-11-01,Yes
Pelle Voigt,0,0.29488391230979427,Pelle Voigt,19901_M20_referat,19901,20,Referat af møde nr. 20 den 21. november 1990 kl. 13:00,21-11-1990,2187,1990-11-21T13:00:00Z,1990,Socialistisk Folkeparti,1988-1990,172,1990-11-01,No
Per Stig Møller,0.03755211239351023,0.37229401913576377,Per Stig Møller,19901_M19_referat,19901,19,Referat af møde nr. 19 den 20. november 1990 kl. 13:00,20-11-1990,2122,1990-11-20T13:00:00Z,1990,Det Konservative Folkeparti,1988-1990,321,1990-11-01,Yes
Pernille Forchhammer,-0.04765193670450889,0.4219048765106639,Pernille Forchhammer,19901_M12_referat,19901,12,Referat af møde nr. 12 den 1. november 1990 kl. 10:00,01-11-1990,1317,1990-11-01T10:00:00Z,1990,Socialdemokratiet,1988-1990,153,1990-11-01,No
Peter Duetoft,-0.0926450285925042,0.15675473570112222,Duetoft,19901_M15_referat,19901,15,Referat af møde nr. 15 den 8. november 1990 kl. 10:00,08-11-1990,1630,1990-11-08T10:00:00Z,1990,Centrum-Demokraterne,1988-1990,1570,1990-11-01,No
Pia Gjellerup,0.047681871836361515,0.27865584044571035,Pia Gjellerup,19901_M17_referat,19901,17,Referat af møde nr. 17 den 14. november 1990 kl. 13:00,14-11-1990,1841,1990-11-14T13:00:00Z,1990,Socialdemokratiet,1988-1990,312,1990-11-01,No
Pia Kjærsgaard,-0.24557118595949565,0.3830115597866155,Pia Kjærsgaard,19901_M17_referat,19901,17,Referat af møde nr. 17 den 14. november 1990 kl. 13:00,14-11-1990,1785,1990-11-14T13:00:00Z,1990,Fremskridtspartiet,1988-1990,118,1990-11-01,No
Poul Emmert Andersen,0.021384972175208128,0.17938265216866545,Emmert Andersen,19901_M15_referat,19901,15,Referat af møde nr. 15 den 8. november 1990 kl. 10:00,08-11-1990,1675,1990-11-08T10:00:00Z,1990,Centrum-Demokraterne,1988-1990,58,1990-11-01,No
Poul Nielson,-0.24429681571028553,0.334491605553683,Poul Nielson,19901_M15_referat,19901,15,Referat af møde nr. 15 den 8. november 1990 kl. 10:00,08-11-1990,1653,1990-11-08T10:00:00Z,1990,Socialdemokratiet,1988-1990,303,1990-11-01,No
Poul Schlüter,-0.22381931154874493,0.2639101640007462,Poul Schlüter,19901_M20_referat,19901,20,Referat af møde nr. 20 den 21. november 1990 kl. 13:00,21-11-1990,2237,1990-11-21T13:00:00Z,1990,Det Konservative Folkeparti,1988-1990,180,1990-11-01,Yes
Povl Brøndsted,1.2193343058605177,0.6848358469454978,Povl Brøndsted,19901_M12_referat,19901,12,Referat af møde nr. 12 den 1. november 1990 kl. 10:00,01-11-1990,1289,1990-11-01T10:00:00Z,1990,Venstre,1988-1990,1028,1990-11-01,Yes
Sonja Albrink,0.3412739537041486,0.4121145706789814,Sonja Albrink,19901_M16_referat,19901,16,Referat af møde nr. 16 den 13. november 1990 kl. 13:00,13-11-1990,1700,1990-11-13T13:00:00Z,1990,Centrum-Demokraterne,1988-1990,649,1990-11-01,No
Steen Gade,-0.7782452510956199,0.334324041315727,Gade,19901_M17_referat,19901,17,Referat af møde nr. 17 den 14. november 1990 kl. 13:00,14-11-1990,1730,1990-11-14T13:00:00Z,1990,Socialistisk Folkeparti,1988-1990,194,1990-11-01,No
Svend Auken,0,0.816496580927726,Svend Auken,19901_M18_referat,19901,18,Referat af møde nr. 18 den 15. november 1990 kl. 10:00,15-11-1990,1917,1990-11-15T10:00:00Z,1990,Socialdemokratiet,1988-1990,2770,1990-11-01,No
Svend Heiselberg,0.08171627716254548,0.24400965323706292,Svend Heiselberg,19901_M15_referat,19901,15,Referat af møde nr. 15 den 8. november 1990 kl. 10:00,08-11-1990,1662,1990-11-08T10:00:00Z,1990,Venstre,1988-1990,58,1990-11-01,Yes
Svend Taanquist,0,0.3922322702763681,Taanquist,19901_M18_referat,19901,18,Referat af møde nr. 18 den 15. november 1990 kl. 10:00,15-11-1990,2014,1990-11-15T10:00:00Z,1990,Socialdemokratiet,1988-1990,67,1990-11-01,No
Søren Riishøj,-0.3779497264051835,0.19752917812286983,Riishøj,19901_M18_referat,19901,18,Referat af møde nr. 18 den 15. november 1990 kl. 10:00,15-11-1990,1928,1990-11-15T10:00:00Z,1990,Socialistisk Folkeparti,1988-1990,226,1990-11-01,No
Thor Pedersen,-0.5818264439534129,0.33809888436247787,Thor Pedersen,19901_M20_referat,19901,20,Referat af møde nr. 20 den 21. november 1990 kl. 13:00,21-11-1990,2257,1990-11-21T13:00:00Z,1990,Venstre,1988-1990,209,1990-11-01,Yes
Tommy Dinesen,-0.1259121310660342,0.21527764380818348,Tommy Dinesen,19901_M20_referat,19901,20,Referat af møde nr. 20 den 21. november 1990 kl. 13:00,21-11-1990,2290,1990-11-21T13:00:00Z,1990,Socialistisk Folkeparti,1988-1990,330,1990-11-01,No
Uffe Ellemann-Jensen,-0.4566311024500086,0.4727382004625614,Ellemann-Jensen,19901_M17_referat,19901,17,Referat af møde nr. 17 den 14. november 1990 kl. 13:00,14-11-1990,1786,1990-11-14T13:00:00Z,1990,Venstre,1988-1990,58,1990-11-01,Yes
Aage Brusgaard,0.7329872558387299,0.5121022925131878,Aage Brusgaard,19901_M21_referat,19901,21,Referat af møde nr. 21 den 22. november 1990 kl. 10:00,22-11-1990,2347,1990-11-22T10:00:00Z,1990,Fremskridtspartiet,1988-1990,77,1990-11-01,No
Aage Frandsen,0.5317556798298753,0.20993756839727568,Aage Frandsen,19901_M12_referat,19901,12,Referat af møde nr. 12 den 1. november 1990 kl. 10:00,01-11-1990,1287,1990-11-01T10:00:00Z,1990,Socialistisk Folkeparti,1988-1990,373,1990-11-01,No
Aase Olesen,0.194361255052562,0.2099383711768926,Aase Olesen,19901_M14_referat,19901,14,Referat af møde nr. 14 den 7. november 1990 kl. 13:00,07-11-1990,1497,1990-11-07T13:00:00Z,1990,Radikale Venstre,1988-1990,536,1990-11-01,Yes
Anders Mølgaard Jensen,-0.056454905176156756,0.7530307042470296,Anders Mølgaard,19902_M3_referat,19902,3,Referat af møde nr. 3 den 27. december 1990 kl. 17:00,27-12-1990,2402,1990-12-27T17:45:00Z,1990,Venstre,1990-1994,183,1990-12-01,Yes
Arne Melchior,0.20172653024290535,0.4776732875755184,Arne Melchior,19902_M3_referat,19902,3,Referat af møde nr. 3 den 27. december 1990 kl. 17:00,27-12-1990,2421,1990-12-27T17:45:00Z,1990,Centrum-Demokraterne,1990-1994,180,1990-12-01,No
Birgitte Husmark,-0.3264912987527258,0.5620377892377508,Birgitte Husmark,19902_M3_referat,19902,3,Referat af møde nr. 3 den 27. december 1990 kl. 17:00,27-12-1990,2403,1990-12-27T17:45:00Z,1990,Socialistisk Folkeparti,1990-1994,1285,1990-12-01,No
Ester Larsen,0.3412468384603984,0.9694619435558316,Ester Larsen,19902_M3_referat,19902,3,Referat af møde nr. 3 den 27. december 1990 kl. 17:00,27-12-1990,2395,1990-12-27T17:45:00Z,1990,Venstre,1990-1994,217,1990-12-01,Yes
Henning Dyremose,-0.3081158977568021,0.40101455170304473,Henning Dyremose,19902_M3_referat,19902,3,Referat af møde nr. 3 den 27. december 1990 kl. 17:00,27-12-1990,2411,1990-12-27T17:45:00Z,1990,Det Konservative Folkeparti,1990-1994,177,1990-12-01,Yes
Henning Lysholm Christensen,-0.0030724344913921303,0.7486200183109235,Lysholm Christensen,19902_M3_referat,19902,3,Referat af møde nr. 3 den 27. december 1990 kl. 17:00,27-12-1990,2425,1990-12-27T17:45:00Z,1990,Kristeligt Folkeparti,1990-1994,951,1990-12-01,No
Inger Stilling Pedersen,-0.32548335401704864,0.8838674219387544,Inger Stilling Pedersen,19902_M3_referat,19902,3,Referat af møde nr. 3 den 27. december 1990 kl. 17:00,27-12-1990,2407,1990-12-27T17:45:00Z,1990,Kristeligt Folkeparti,1990-1994,372,1990-12-01,No
Jens Jørgensen,0.12397035623693901,0.9563723453789791,Jens Jørgensen,19902_M4_referat,19902,4,Referat af møde nr. 4 den 28. december 1990 kl. 10:00,28-12-1990,2440,1990-12-28T10:00:00Z,1990,Det Konservative Folkeparti,1990-1994,143,1990-12-01,Yes
Jens Thoft,-0.2338616156960855,1.258018805412666,Jens Thoft,19902_M4_referat,19902,4,Referat af møde nr. 4 den 28. december 1990 kl. 10:00,28-12-1990,2435,1990-12-28T10:00:00Z,1990,Socialistisk Folkeparti,1990-1994,1971,1990-12-01,No
Jørgen Estrup,-0.44626647698636296,0.4219971165069449,Jørgen Estrup,19902_M3_referat,19902,3,Referat af møde nr. 3 den 27. december 1990 kl. 17:00,27-12-1990,2424,1990-12-27T17:45:00Z,1990,Radikale Venstre,1990-1994,743,1990-12-01,No
Karen Højte Jensen,-0.05625139819785803,0.6044804151957569,Karen Højte Jensen,19902_M3_referat,19902,3,Referat af møde nr. 3 den 27. december 1990 kl. 17:00,27-12-1990,2399,1990-12-27T17:45:00Z,1990,Det Konservative Folkeparti,1990-1994,442,1990-12-01,Yes
Kirsten Jacobsen,0.3443615478450892,0.4347299665791588,Kirsten Jacobsen,19902_M3_referat,19902,3,Referat af møde nr. 3 den 27. december 1990 kl. 17:00,27-12-1990,2420,1990-12-27T17:45:00Z,1990,Fremskridtspartiet,1990-1994,102,1990-12-01,No
Lilli Gyldenkilde,1.4899265907057941,2.277566124233175,Lilli Gyldenkilde,19902_M3_referat,19902,3,Referat af møde nr. 3 den 27. december 1990 kl. 17:00,27-12-1990,2432,1990-12-27T17:45:00Z,1990,Socialistisk Folkeparti,1990-1994,295,1990-12-01,No
Lis Noer Holmberg,0.009153496128833566,0.748723508648345,Lis Noer Holmberg,19902_M3_referat,19902,3,Referat af møde nr. 3 den 27. december 1990 kl. 17:00,27-12-1990,2405,1990-12-27T17:45:00Z,1990,Centrum-Demokraterne,1990-1994,454,1990-12-01,No
Lone Dybkjær,0.06895700356798969,0.5150179198640699,Lone Dybkjær,19902_M3_referat,19902,3,Referat af møde nr. 3 den 27. december 1990 kl. 17:00,27-12-1990,2406,1990-12-27T17:45:00Z,1990,Radikale Venstre,1990-1994,421,1990-12-01,No
Pernille Sams,0.27010492981242523,0.3431883604572667,Pernille Sams,19902_M4_referat,19902,4,Referat af møde nr. 4 den 28. december 1990 kl. 10:00,28-12-1990,2447,1990-12-28T10:00:00Z,1990,Det Konservative Folkeparti,1990-1994,420,1990-12-01,Yes
Pia Gjellerup,0.36432476152642745,0.4225872133250366,Pia Gjellerup,19902_M3_referat,19902,3,Referat af møde nr. 3 den 27. december 1990 kl. 17:00,27-12-1990,2414,1990-12-27T17:45:00Z,1990,Socialdemokratiet,1990-1994,540,1990-12-01,No
Poul Nyrup Rasmussen,-0.31974807108268877,1.546056282675259,Nyrup Rasmussen,19902_M4_referat,19902,4,Referat af møde nr. 4 den 28. december 1990 kl. 10:00,28-12-1990,2436,1990-12-28T10:00:00Z,1990,Socialdemokratiet,1990-1994,51,1990-12-01,No
Sonja Albrink,0.19228093534397747,0.7984189713851106,Sonja Albrink,19902_M3_referat,19902,3,Referat af møde nr. 3 den 27. december 1990 kl. 17:00,27-12-1990,2419,1990-12-27T17:45:00Z,1990,Centrum-Demokraterne,1990-1994,406,1990-12-01,No
Tommy Dinesen,1.578867615933706,1.5167820841628636,Tommy Dinesen,19902_M5_referat,19902,5,Referat af møde nr. 5 den 28. december 1990 kl. 10:00,28-12-1990,2480,1990-12-28T10:50:00Z,1990,Socialistisk Folkeparti,1990-1994,61,1990-12-01,No
Torben Lund,-0.7761881197879285,0.38303169885617927,Torben Lund,19902_M3_referat,19902,3,Referat af møde nr. 3 den 27. december 1990 kl. 17:00,27-12-1990,2398,1990-12-27T17:45:00Z,1990,Socialdemokratiet,1990-1994,712,1990-12-01,No
Agnete Laustsen,0,0.6324555320336759,Agnete Laustsen,19911_M8_referat,19911,8,Referat af møde nr. 8 den 23. oktober 1991 kl. 13:00,23-10-1991,11361,1991-10-23T13:00:00Z,1991,Det Konservative Folkeparti,1990-1994,143,1991-10-01,Yes
Anders Fogh Rasmussen,0.04732178632568853,0.0936925780557243,Fogh Rasmussen,19911_M8_referat,19911,8,Referat af møde nr. 8 den 23. oktober 1991 kl. 13:00,23-10-1991,11294,1991-10-23T13:00:00Z,1991,Venstre,1990-1994,106,1991-10-01,Yes
Anders Mølgaard Jensen,0.15975478222899347,0.6314569103069609,Anders Mølgaard,19911_M10_referat,19911,10,Referat af møde nr. 10 den 29. oktober 1991 kl. 13:00,29-10-1991,11686,1991-10-29T13:00:00Z,1991,Venstre,1990-1994,686,1991-10-01,Yes
Anna-Marie Hansen,0.007367379602329394,0.5337840641656747,Anna-Marie Hansen,19911_M10_referat,19911,10,Referat af møde nr. 10 den 29. oktober 1991 kl. 13:00,29-10-1991,11684,1991-10-29T13:00:00Z,1991,Socialdemokratiet,1990-1994,1356,1991-10-01,No
Anne-Marie Meldgaard,0.10790450009843502,0.34313942445025813,Anne-Marie Meldgaard,19911_M7_referat,19911,7,Referat af møde nr. 7 den 22. oktober 1991 kl. 13:00,22-10-1991,11245,1991-10-22T13:00:00Z,1991,Socialdemokratiet,1990-1994,191,1991-10-01,No
Annette Just,-0.07851708969739322,0.17239482606521053,Annette Just,19911_M10_referat,19911,10,Referat af møde nr. 10 den 29. oktober 1991 kl. 13:00,29-10-1991,11661,1991-10-29T13:00:00Z,1991,Fremskridtspartiet,1990-1994,182,1991-10-01,No
Arne Jensen,0,0.816496580927726,Arne Jensen,19911_M11_referat,19911,11,Referat af møde nr. 11 den 30. oktober 1991 kl. 13:00,30-10-1991,11849,1991-10-30T13:00:00Z,1991,Socialdemokratiet,1990-1994,290,1991-10-01,No
Arne Melchior,0,0.3651483716701107,Arne Melchior,19911_M4_referat,19911,4,Referat af møde nr. 4 den 8. oktober 1991 kl. 13:00,08-10-1991,10737,1991-10-08T13:00:00Z,1991,Centrum-Demokraterne,1990-1994,221,1991-10-01,No
Bente Juncker,-0.27320677578338576,0.08920205279158343,Bente Juncker,19911_M7_referat,19911,7,Referat af møde nr. 7 den 22. oktober 1991 kl. 13:00,22-10-1991,11183,1991-10-22T13:00:00Z,1991,Centrum-Demokraterne,1990-1994,264,1991-10-01,No
Birgitte Husmark,0.049800760817290964,0.4007025882049525,Birgitte Husmark,19911_M10_referat,19911,10,Referat af møde nr. 10 den 29. oktober 1991 kl. 13:00,29-10-1991,11687,1991-10-29T13:00:00Z,1991,Socialistisk Folkeparti,1990-1994,596,1991-10-01,No
Birthe Hansen,0,0.5,Birthe Hansen,19911_M11_referat,19911,11,Referat af møde nr. 11 den 30. oktober 1991 kl. 13:00,30-10-1991,11785,1991-10-30T13:00:00Z,1991,Socialistisk Folkeparti,1990-1994,248,1991-10-01,No
Bjørn Westh,0,0.816496580927726,Bjørn Westh,19911_M3_referat,19911,3,Referat af møde nr. 3 den 3. oktober 1991 kl. 10:00,03-10-1991,10637,1991-10-03T10:00:00Z,1991,Socialdemokratiet,1990-1994,694,1991-10-01,No
Bodil Thrane,0,0.6324555320336759,Bodil Thrane,19911_M9_referat,19911,9,Referat af møde nr. 9 den 24. oktober 1991 kl. 10:00,24-10-1991,11593,1991-10-24T10:00:00Z,1991,Venstre,1990-1994,113,1991-10-01,Yes
Charlotte Antonsen,0.08789858685486929,0.18385268105245212,Charlotte Antonsen,19911_M10_referat,19911,10,Referat af møde nr. 10 den 29. oktober 1991 kl. 13:00,29-10-1991,11646,1991-10-29T13:00:00Z,1991,Venstre,1990-1994,1191,1991-10-01,Yes
Christian O Aagaard,0.14128021146894637,0.1530860173999342,Aagaard,19911_M7_referat,19911,7,Referat af møde nr. 7 den 22. oktober 1991 kl. 13:00,22-10-1991,11230,1991-10-22T13:00:00Z,1991,Det Konservative Folkeparti,1990-1994,304,1991-10-01,Yes
Claus Larsen-Jensen,0.5449055900201912,0.5978241296517729,Claus Larsen-Jensen,19911_M7_referat,19911,7,Referat af møde nr. 7 den 22. oktober 1991 kl. 13:00,22-10-1991,11143,1991-10-22T13:00:00Z,1991,Dansk Folkeparti,1990-1994,90,1991-10-01,No
Dorte Bennedsen,0,0.6324555320336759,Dorte Bennedsen,19911_M11_referat,19911,11,Referat af møde nr. 11 den 30. oktober 1991 kl. 13:00,30-10-1991,11878,1991-10-30T13:00:00Z,1991,Socialdemokratiet,1990-1994,682,1991-10-01,No
Ebba Strange,0,0.5345224838248488,Ebba Strange,19911_M12_referat,19911,12,Referat af møde nr. 12 den 31. oktober 1991 kl. 10:00,31-10-1991,11920,1991-10-31T10:00:00Z,1991,Socialistisk Folkeparti,1990-1994,1378,1991-10-01,No
Elisabeth Arnold,-0.11799291440124474,0.16049027772264726,Elisabeth Arnold,19911_M9_referat,19911,9,Referat af møde nr. 9 den 24. oktober 1991 kl. 10:00,24-10-1991,11563,1991-10-24T10:00:00Z,1991,Radikale Venstre,1990-1994,894,1991-10-01,No
Else Marie Mortensen,0,0.6324555320336759,Else Marie Mortensen,19911_M12_referat,19911,12,Referat af møde nr. 12 den 31. oktober 1991 kl. 10:00,31-10-1991,11996,1991-10-31T10:00:00Z,1991,Socialdemokratiet,1990-1994,472,1991-10-01,No
Else Winther Andersen,-0.9952744758179366,0.3828955039453566,Else Winther Andersen,19911_M9_referat,19911,9,Referat af møde nr. 9 den 24. oktober 1991 kl. 10:00,24-10-1991,11586,1991-10-24T10:00:00Z,1991,Venstre,1990-1994,120,1991-10-01,Yes
Erhard Jakobsen,0.3855616838700081,0.4012420727281981,Erhard Jakobsen,19911_M10_referat,19911,10,Referat af møde nr. 10 den 29. oktober 1991 kl. 13:00,29-10-1991,11670,1991-10-29T13:00:00Z,1991,Centrum-Demokraterne,1990-1994,224,1991-10-01,No
Erik Larsen,0,0.6324555320336759,Erik Larsen,19911_M12_referat,19911,12,Referat af møde nr. 12 den 31. oktober 1991 kl. 10:00,31-10-1991,11946,1991-10-31T10:00:00Z,1991,Venstre,1990-1994,263,1991-10-01,Yes
Erling Christensen,-0.09850968384628322,0.5260658370970394,Erling Christensen,19911_M5_referat,19911,5,Referat af møde nr. 5 den 9. oktober 1991 kl. 13:00,09-10-1991,10871,1991-10-09T13:00:00Z,1991,Socialdemokratiet,1990-1994,156,1991-10-01,No
Ester Larsen,-0.3748509210176154,0.25197697071759223,Ester Larsen,19911_M10_referat,19911,10,Referat af møde nr. 10 den 29. oktober 1991 kl. 13:00,29-10-1991,11682,1991-10-29T13:00:00Z,1991,Venstre,1990-1994,148,1991-10-01,Yes
Eva Fatum,-0.5098157010140747,0.4106366673912987,Eva Fatum,19911_M11_referat,19911,11,Referat af møde nr. 11 den 30. oktober 1991 kl. 13:00,30-10-1991,11864,1991-10-30T13:00:00Z,1991,Socialdemokratiet,1990-1994,300,1991-10-01,No
Eva Kjer Hansen,0,0.5773502691896257,Eva Kjer Hansen,19911_M9_referat,19911,9,Referat af møde nr. 9 den 24. oktober 1991 kl. 10:00,24-10-1991,11577,1991-10-24T10:00:00Z,1991,Venstre,1990-1994,277,1991-10-01,Yes
Eva Møller,0,0.7071067811865476,Eva Møller,19911_M11_referat,19911,11,Referat af møde nr. 11 den 30. oktober 1991 kl. 13:00,30-10-1991,11879,1991-10-30T13:00:00Z,1991,Det Konservative Folkeparti,1990-1994,397,1991-10-01,Yes
Filt Jensen,0.26901109409367663,0.48141826408568233,Filt Jensen,19911_M5_referat,19911,5,Referat af møde nr. 5 den 9. oktober 1991 kl. 13:00,09-10-1991,10876,1991-10-09T13:00:00Z,1991,Venstre,1990-1994,171,1991-10-01,Yes
Flemming Hansen,-0.31231173462257267,0.1318361817629549,Flemming Hansen,19911_M4_referat,19911,4,Referat af møde nr. 4 den 8. oktober 1991 kl. 13:00,08-10-1991,10734,1991-10-08T13:00:00Z,1991,Det Konservative Folkeparti,1990-1994,582,1991-10-01,Yes
Flemming Kofod-Svendsen,0.009346025145579799,0.13241386111440867,Kofod-Svendsen,19911_M10_referat,19911,10,Referat af møde nr. 10 den 29. oktober 1991 kl. 13:00,29-10-1991,11690,1991-10-29T13:00:00Z,1991,Kristeligt Folkeparti,1990-1994,935,1991-10-01,No
Frank Jensen,0,0.5345224838248488,Frank Jensen,19911_M8_referat,19911,8,Referat af møde nr. 8 den 23. oktober 1991 kl. 13:00,23-10-1991,11432,1991-10-23T13:00:00Z,1991,Socialdemokratiet,1990-1994,916,1991-10-01,No
Gert Petersen,0.3025984770533989,0.2784785521918039,Gert Petersen,19911_M10_referat,19911,10,Referat af møde nr. 10 den 29. oktober 1991 kl. 13:00,29-10-1991,11643,1991-10-29T13:00:00Z,1991,Socialistisk Folkeparti,1990-1994,212,1991-10-01,No
Grete Schødts,0,0.5345224838248488,Grete Schødts,19911_M6_referat,19911,6,Referat af møde nr. 6 den 10. oktober 1991 kl. 10:00,10-10-1991,11052,1991-10-10T10:00:00Z,1991,Socialdemokratiet,1990-1994,142,1991-10-01,No
Hanne Andersen,0,0.816496580927726,Hanne Andersen,19911_M8_referat,19911,8,Referat af møde nr. 8 den 23. oktober 1991 kl. 13:00,23-10-1991,11314,1991-10-23T13:00:00Z,1991,Socialdemokratiet,1990-1994,409,1991-10-01,No
Hanne Severinsen,0,0.7071067811865476,Hanne Severinsen,19911_M12_referat,19911,12,Referat af møde nr. 12 den 31. oktober 1991 kl. 10:00,31-10-1991,11914,1991-10-31T10:00:00Z,1991,Venstre,1990-1994,88,1991-10-01,Yes
Hanne Thanning Jacobsen,0,0.816496580927726,Hanne Thanning Jacobsen,19911_M4_referat,19911,4,Referat af møde nr. 4 den 8. oktober 1991 kl. 13:00,08-10-1991,10855,1991-10-08T13:00:00Z,1991,Socialistisk Folkeparti,1990-1994,79,1991-10-01,No
Hans Engell,0,0.3922322702763681,Engell,19911_M11_referat,19911,11,Referat af møde nr. 11 den 30. oktober 1991 kl. 13:00,30-10-1991,11751,1991-10-30T13:00:00Z,1991,Det Konservative Folkeparti,1990-1994,253,1991-10-01,Yes
Helen Jørgensen,0.39601499471308316,0.3342042177844773,Helen Jørgensen,19911_M5_referat,19911,5,Referat af møde nr. 5 den 9. oktober 1991 kl. 13:00,09-10-1991,10884,1991-10-09T13:00:00Z,1991,Socialdemokratiet,1990-1994,464,1991-10-01,No
Helge Adam Møller,0,0.5,Helge Adam Møller,19911_M12_referat,19911,12,Referat af møde nr. 12 den 31. oktober 1991 kl. 10:00,31-10-1991,11941,1991-10-31T10:00:00Z,1991,Det Konservative Folkeparti,1990-1994,259,1991-10-01,Yes
Helge Mortensen,0,0.816496580927726,Helge Mortensen,19911_M11_referat,19911,11,Referat af møde nr. 11 den 30. oktober 1991 kl. 13:00,30-10-1991,11788,1991-10-30T13:00:00Z,1991,Socialdemokratiet,1990-1994,106,1991-10-01,No
Helge Sander,0,0.4714045207910317,Helge Sander,19911_M4_referat,19911,4,Referat af møde nr. 4 den 8. oktober 1991 kl. 13:00,08-10-1991,10752,1991-10-08T13:00:00Z,1991,Venstre,1990-1994,1347,1991-10-01,Yes
Helle Degn,0,0.6324555320336759,Helle Degn,19911_M4_referat,19911,4,Referat af møde nr. 4 den 8. oktober 1991 kl. 13:00,08-10-1991,10786,1991-10-08T13:00:00Z,1991,Socialdemokratiet,1990-1994,231,1991-10-01,No
Henning Andersen,0,0.6324555320336759,Henning Andersen,19911_M6_referat,19911,6,Referat af møde nr. 6 den 10. oktober 1991 kl. 10:00,10-10-1991,10958,1991-10-10T10:00:00Z,1991,Det Konservative Folkeparti,1990-1994,427,1991-10-01,Yes
Henning Dyremose,-1.2720155174811887,0.8338796276204479,Henning Dyremose,19911_M11_referat,19911,11,Referat af møde nr. 11 den 30. oktober 1991 kl. 13:00,30-10-1991,11757,1991-10-30T13:00:00Z,1991,Det Konservative Folkeparti,1990-1994,340,1991-10-01,Yes
Henning Grove,0.33966596925193376,0.49355757509367293,Grove,19911_M10_referat,19911,10,Referat af møde nr. 10 den 29. oktober 1991 kl. 13:00,29-10-1991,11671,1991-10-29T13:00:00Z,1991,Det Konservative Folkeparti,1990-1994,135,1991-10-01,Yes
Henning Lysholm Christensen,0.06012788852683457,0.12605981116914786,Lysholm Christensen,19911_M12_referat,19911,12,Referat af møde nr. 12 den 31. oktober 1991 kl. 10:00,31-10-1991,11993,1991-10-31T10:00:00Z,1991,Kristeligt Folkeparti,1990-1994,500,1991-10-01,No
Henning Nielsen,0,0.7071067811865476,Henning Nielsen,19911_M11_referat,19911,11,Referat af møde nr. 11 den 30. oktober 1991 kl. 13:00,30-10-1991,11869,1991-10-30T13:00:00Z,1991,Socialdemokratiet,1990-1994,103,1991-10-01,No
Henning Rasmussen,0.4268354560065306,0.6098910274175642,Henning Rasmussen,19911_M10_referat,19911,10,Referat af møde nr. 10 den 29. oktober 1991 kl. 13:00,29-10-1991,11694,1991-10-29T13:00:00Z,1991,Socialdemokratiet,1990-1994,399,1991-10-01,No
Henrik Dam Kristensen,0,0.5773502691896257,Henrik Dam Kristensen,19911_M11_referat,19911,11,Referat af møde nr. 11 den 30. oktober 1991 kl. 13:00,30-10-1991,11724,1991-10-30T13:00:00Z,1991,Socialdemokratiet,1990-1994,315,1991-10-01,No
Inge Dahl-Sørensen,0,0.816496580927726,Inge Dahl-Sørensen,19911_M8_referat,19911,8,Referat af møde nr. 8 den 23. oktober 1991 kl. 13:00,23-10-1991,11407,1991-10-23T13:00:00Z,1991,Venstre,1990-1994,311,1991-10-01,Yes
Ingrid Rasmussen,0,0.6324555320336759,Ingrid Rasmussen,19911_M9_referat,19911,9,Referat af møde nr. 9 den 24. oktober 1991 kl. 10:00,24-10-1991,11549,1991-10-24T10:00:00Z,1991,Socialdemokratiet,1990-1994,119,1991-10-01,No
Ivar Hansen,-0.7602290716943456,0.3138875327001819,Ivar Hansen,19911_M6_referat,19911,6,Referat af møde nr. 6 den 10. oktober 1991 kl. 10:00,10-10-1991,10999,1991-10-10T10:00:00Z,1991,Venstre,1990-1994,59,1991-10-01,Yes
Ivar Nørgaard,0.3291786907009087,0.18841132355821966,Ivar Nørgaard,19911_M10_referat,19911,10,Referat af møde nr. 10 den 29. oktober 1991 kl. 13:00,29-10-1991,11642,1991-10-29T13:00:00Z,1991,Socialdemokratiet,1990-1994,195,1991-10-01,No
J Risgaard Knudsen,0,0.5,Risgaard Knudsen,19911_M8_referat,19911,8,Referat af møde nr. 8 den 23. oktober 1991 kl. 13:00,23-10-1991,11372,1991-10-23T13:00:00Z,1991,Socialdemokratiet,1990-1994,266,1991-10-01,No
Jan Køpke Christensen,0,0.30151134457776363,Køpke Christensen,19911_M9_referat,19911,9,Referat af møde nr. 9 den 24. oktober 1991 kl. 10:00,24-10-1991,11529,1991-10-24T10:00:00Z,1991,Fremskridtspartiet,1990-1994,641,1991-10-01,No
Jan Petersen,0,0.6324555320336759,Jan Petersen,19911_M9_referat,19911,9,Referat af møde nr. 9 den 24. oktober 1991 kl. 10:00,24-10-1991,11575,1991-10-24T10:00:00Z,1991,Socialdemokratiet,1990-1994,620,1991-10-01,No
Jan Trøjborg,0,0.816496580927726,Trøjborg,19911_M3_referat,19911,3,Referat af møde nr. 3 den 3. oktober 1991 kl. 10:00,03-10-1991,10682,1991-10-03T10:00:00Z,1991,Socialdemokratiet,1990-1994,210,1991-10-01,No
Jens Heimburger,0,0.816496580927726,Jens Heimburger,19911_M8_referat,19911,8,Referat af møde nr. 8 den 23. oktober 1991 kl. 13:00,23-10-1991,11406,1991-10-23T13:00:00Z,1991,Socialdemokratiet,1990-1994,200,1991-10-01,No
Jens Jørgensen,0.5503737616899373,0.4835165582991839,Jens Jørgensen,19911_M6_referat,19911,6,Referat af møde nr. 6 den 10. oktober 1991 kl. 10:00,10-10-1991,10938,1991-10-10T10:00:00Z,1991,Det Konservative Folkeparti,1990-1994,139,1991-10-01,Yes
Jens Rønholt,0,0.816496580927726,Rønholt,19911_M6_referat,19911,6,Referat af møde nr. 6 den 10. oktober 1991 kl. 10:00,10-10-1991,11001,1991-10-10T10:00:00Z,1991,Det Konservative Folkeparti,1990-1994,144,1991-10-01,Yes
Jens Thoft,0,0.3651483716701107,Jens Thoft,19911_M8_referat,19911,8,Referat af møde nr. 8 den 23. oktober 1991 kl. 13:00,23-10-1991,11352,1991-10-23T13:00:00Z,1991,Socialistisk Folkeparti,1990-1994,75,1991-10-01,No
Jes Lunde,-0.1346568348917975,0.09557215884728096,Jes Lunde,19911_M3_referat,19911,3,Referat af møde nr. 3 den 3. oktober 1991 kl. 10:00,03-10-1991,10634,1991-10-03T10:00:00Z,1991,Socialistisk Folkeparti,1990-1994,98,1991-10-01,No
Jette Pors,0,0.816496580927726,Jette Pors,19911_M8_referat,19911,8,Referat af møde nr. 8 den 23. oktober 1991 kl. 13:00,23-10-1991,11359,1991-10-23T13:00:00Z,1991,Centrum-Demokraterne,1990-1994,141,1991-10-01,No
Jimmy Stahr,0,0.816496580927726,Jimmy Stahr,19911_M8_referat,19911,8,Referat af møde nr. 8 den 23. oktober 1991 kl. 13:00,23-10-1991,11360,1991-10-23T13:00:00Z,1991,Socialdemokratiet,1990-1994,145,1991-10-01,No
Jytte Andersen,0,0.408248290463863,Jytte Andersen,19911_M9_referat,19911,9,Referat af møde nr. 9 den 24. oktober 1991 kl. 10:00,24-10-1991,11464,1991-10-24T10:00:00Z,1991,Socialdemokratiet,1990-1994,1164,1991-10-01,No
Jytte Hilden,0,0.3779644730092272,Jytte Hilden,19911_M6_referat,19911,6,Referat af møde nr. 6 den 10. oktober 1991 kl. 10:00,10-10-1991,11064,1991-10-10T10:00:00Z,1991,Socialdemokratiet,1990-1994,259,1991-10-01,No
Jørgen Estrup,0,0.3651483716701107,Jørgen Estrup,19911_M12_referat,19911,12,Referat af møde nr. 12 den 31. oktober 1991 kl. 10:00,31-10-1991,11957,1991-10-31T10:00:00Z,1991,Radikale Venstre,1990-1994,142,1991-10-01,No
Jørgen Winther,0,0.7071067811865476,Jørgen Winther,19911_M9_referat,19911,9,Referat af møde nr. 9 den 24. oktober 1991 kl. 10:00,24-10-1991,11545,1991-10-24T10:00:00Z,1991,Venstre,1990-1994,309,1991-10-01,Yes
Jørn Pedersen,0,0.3535533905932738,Jørn Pedersen,19911_M6_referat,19911,6,Referat af møde nr. 6 den 10. oktober 1991 kl. 10:00,10-10-1991,11008,1991-10-10T10:00:00Z,1991,Socialdemokratiet,1990-1994,100,1991-10-01,No
Kai Dige Bach,0.04977879323135331,0.221382625810339,Kai Dige Bach,19911_M7_referat,19911,7,Referat af møde nr. 7 den 22. oktober 1991 kl. 13:00,22-10-1991,11200,1991-10-22T13:00:00Z,1991,Det Konservative Folkeparti,1990-1994,139,1991-10-01,Yes
Kaj Poulsen,0,0.5345224838248488,Kaj Poulsen,19911_M8_referat,19911,8,Referat af møde nr. 8 den 23. oktober 1991 kl. 13:00,23-10-1991,11334,1991-10-23T13:00:00Z,1991,Socialdemokratiet,1990-1994,411,1991-10-01,No
Karen Højte Jensen,-0.04670146049284833,0.40433736748809923,Karen Højte Jensen,19911_M9_referat,19911,9,Referat af møde nr. 9 den 24. oktober 1991 kl. 10:00,24-10-1991,11558,1991-10-24T10:00:00Z,1991,Det Konservative Folkeparti,1990-1994,151,1991-10-01,Yes
Karen Jespersen,-0.37205568678252837,0.4629700779218851,Karen Jespersen,19911_M7_referat,19911,7,Referat af møde nr. 7 den 22. oktober 1991 kl. 13:00,22-10-1991,11172,1991-10-22T13:00:00Z,1991,Socialdemokratiet,1990-1994,105,1991-10-01,No
Kim Behnke,0.17911557285726998,0.22270630765597665,Kim Behnke,19911_M6_referat,19911,6,Referat af møde nr. 6 den 10. oktober 1991 kl. 10:00,10-10-1991,10963,1991-10-10T10:00:00Z,1991,Fremskridtspartiet,1990-1994,2947,1991-10-01,No
Kirsten Jacobsen,0.10058680034748038,0.17487080779035127,Kirsten Jacobsen,19911_M8_referat,19911,8,Referat af møde nr. 8 den 23. oktober 1991 kl. 13:00,23-10-1991,11455,1991-10-23T13:00:00Z,1991,Fremskridtspartiet,1990-1994,64,1991-10-01,No
Kirsten Madsen,0.20162659656303353,0.4685227689607318,Kirsten Madsen,19911_M5_referat,19911,5,Referat af møde nr. 5 den 9. oktober 1991 kl. 13:00,09-10-1991,10872,1991-10-09T13:00:00Z,1991,Fremskridtspartiet,1990-1994,573,1991-10-01,No
Kjeld Rahbæk Møller,0.04442826122178345,0.13793727034271883,Rahbæk Møller,19911_M11_referat,19911,11,Referat af møde nr. 11 den 30. oktober 1991 kl. 13:00,30-10-1991,11752,1991-10-30T13:00:00Z,1991,Socialistisk Folkeparti,1990-1994,267,1991-10-01,No
Klaus Hækkerup,-0.2955467573199892,0.15571115505756314,Klaus Hækkerup,19911_M7_referat,19911,7,Referat af møde nr. 7 den 22. oktober 1991 kl. 13:00,22-10-1991,11229,1991-10-22T13:00:00Z,1991,Socialdemokratiet,1990-1994,403,1991-10-01,No
Knud Enggaard,0,0.4714045207910317,Enggaard,19911_M8_referat,19911,8,Referat af møde nr. 8 den 23. oktober 1991 kl. 13:00,23-10-1991,11339,1991-10-23T13:00:00Z,1991,Venstre,1990-1994,131,1991-10-01,Yes
Knud Glønborg,0,0.282842712474619,Glønborg,19911_M9_referat,19911,9,Referat af møde nr. 9 den 24. oktober 1991 kl. 10:00,24-10-1991,11509,1991-10-24T10:00:00Z,1991,Kristeligt Folkeparti,1990-1994,924,1991-10-01,No
Lilli Gyldenkilde,0,0.816496580927726,Lilli Gyldenkilde,19911_M8_referat,19911,8,Referat af møde nr. 8 den 23. oktober 1991 kl. 13:00,23-10-1991,11324,1991-10-23T13:00:00Z,1991,Socialistisk Folkeparti,1990-1994,126,1991-10-01,No
Lis Noer Holmberg,-0.0173157032133895,0.33767537577387335,Lis Noer Holmberg,19911_M9_referat,19911,9,Referat af møde nr. 9 den 24. oktober 1991 kl. 10:00,24-10-1991,11562,1991-10-24T10:00:00Z,1991,Centrum-Demokraterne,1990-1994,242,1991-10-01,No
Lise Hækkerup,0,0.816496580927726,Lise Hækkerup,19911_M8_referat,19911,8,Referat af møde nr. 8 den 23. oktober 1991 kl. 13:00,23-10-1991,11327,1991-10-23T13:00:00Z,1991,Socialdemokratiet,1990-1994,278,1991-10-01,No
Lissa Mathiasen,0,0.44721359549995793,Lissa Mathiasen,19911_M9_referat,19911,9,Referat af møde nr. 9 den 24. oktober 1991 kl. 10:00,24-10-1991,11603,1991-10-24T10:00:00Z,1991,Socialdemokratiet,1990-1994,774,1991-10-01,No
Lone Dybkjær,-0.14875556119855932,0.26605635794434457,Lone Dybkjær,19911_M4_referat,19911,4,Referat af møde nr. 4 den 8. oktober 1991 kl. 13:00,08-10-1991,10776,1991-10-08T13:00:00Z,1991,Radikale Venstre,1990-1994,708,1991-10-01,No
Lone Møller,-0.2403550967200668,0.32690123211530586,Lone Møller,19911_M4_referat,19911,4,Referat af møde nr. 4 den 8. oktober 1991 kl. 13:00,08-10-1991,10852,1991-10-08T13:00:00Z,1991,Socialdemokratiet,1990-1994,135,1991-10-01,No
Lotte Henriksen,0,0.7071067811865476,Lotte Henriksen,19911_M11_referat,19911,11,Referat af møde nr. 11 den 30. oktober 1991 kl. 13:00,30-10-1991,11827,1991-10-30T13:00:00Z,1991,Socialdemokratiet,1990-1994,633,1991-10-01,No
Mariann Fischer Boel,-0.07291261035308103,0.274258148627625,Mariann Fischer Boel,19911_M9_referat,19911,9,Referat af møde nr. 9 den 24. oktober 1991 kl. 10:00,24-10-1991,11526,1991-10-24T10:00:00Z,1991,Venstre,1990-1994,197,1991-10-01,Yes
Marianne Jelved,0,0.3086066999241838,Marianne Jelved,19911_M6_referat,19911,6,Referat af møde nr. 6 den 10. oktober 1991 kl. 10:00,10-10-1991,10985,1991-10-10T10:00:00Z,1991,Radikale Venstre,1990-1994,1796,1991-10-01,No
Martin Glerup,0,0.7071067811865476,Martin Glerup,19911_M9_referat,19911,9,Referat af møde nr. 9 den 24. oktober 1991 kl. 10:00,24-10-1991,11524,1991-10-24T10:00:00Z,1991,Socialdemokratiet,1990-1994,320,1991-10-01,No
Mimi Jakobsen,0,0.408248290463863,Mimi Jakobsen,19911_M4_referat,19911,4,Referat af møde nr. 4 den 8. oktober 1991 kl. 13:00,08-10-1991,10772,1991-10-08T13:00:00Z,1991,Centrum-Demokraterne,1990-1994,252,1991-10-01,No
Mogens Lykketoft,0,0.4264014327112209,Lykketoft,19911_M6_referat,19911,6,Referat af møde nr. 6 den 10. oktober 1991 kl. 10:00,10-10-1991,10940,1991-10-10T10:00:00Z,1991,Socialdemokratiet,1990-1994,2706,1991-10-01,No
Niels Ahlmann-Ohlsen,2.5477353611746096,1.6329256190951564,Ahlmann-Ohlsen,19911_M7_referat,19911,7,Referat af møde nr. 7 den 22. oktober 1991 kl. 13:00,22-10-1991,11273,1991-10-22T13:00:00Z,1991,Det Konservative Folkeparti,1990-1994,91,1991-10-01,Yes
Niels Helveg Petersen,0.22970890526544488,0.5013320330816369,Niels Helveg Petersen,19911_M10_referat,19911,10,Referat af møde nr. 10 den 29. oktober 1991 kl. 13:00,29-10-1991,11664,1991-10-29T13:00:00Z,1991,Radikale Venstre,1990-1994,1017,1991-10-01,No
Niels Højland,0,0.5345224838248488,Niels Højland,19911_M11_referat,19911,11,Referat af møde nr. 11 den 30. oktober 1991 kl. 13:00,30-10-1991,11872,1991-10-30T13:00:00Z,1991,Fremskridtspartiet,1990-1994,410,1991-10-01,No
Ole Donner,-0.03709405345335522,0.0680966392399033,Ole Donner,19911_M7_referat,19911,7,Referat af møde nr. 7 den 22. oktober 1991 kl. 13:00,22-10-1991,11176,1991-10-22T13:00:00Z,1991,Fremskridtspartiet,1990-1994,56,1991-10-01,No
Ole Espersen,0,0.7071067811865476,Ole Espersen,19911_M3_referat,19911,3,Referat af møde nr. 3 den 3. oktober 1991 kl. 10:00,03-10-1991,10605,1991-10-03T10:00:00Z,1991,Socialdemokratiet,1990-1994,100,1991-10-01,No
Ole Stavad,-0.02290580945681481,0.1905268185618592,Stavad,19911_M7_referat,19911,7,Referat af møde nr. 7 den 22. oktober 1991 kl. 13:00,22-10-1991,11267,1991-10-22T13:00:00Z,1991,Socialdemokratiet,1990-1994,95,1991-10-01,No
Ole Vagn Christensen,0,0.44721359549995793,Ole Vagn Christensen,19911_M4_referat,19911,4,Referat af møde nr. 4 den 8. oktober 1991 kl. 13:00,08-10-1991,10817,1991-10-08T13:00:00Z,1991,Socialdemokratiet,1990-1994,521,1991-10-01,No
Ole Vig Jensen,0,0.3535533905932738,Ole Vig Jensen,19911_M6_referat,19911,6,Referat af møde nr. 6 den 10. oktober 1991 kl. 10:00,10-10-1991,11079,1991-10-10T10:00:00Z,1991,Radikale Venstre,1990-1994,406,1991-10-01,No
Ove Fich,-0.1497818444780219,0.483100704069784,Ove Fich,19911_M7_referat,19911,7,Referat af møde nr. 7 den 22. oktober 1991 kl. 13:00,22-10-1991,11254,1991-10-22T13:00:00Z,1991,Socialdemokratiet,1990-1994,680,1991-10-01,No
Peder Sønderby,0,0.7071067811865476,Sønderby,19911_M11_referat,19911,11,Referat af møde nr. 11 den 30. oktober 1991 kl. 13:00,30-10-1991,11839,1991-10-30T13:00:00Z,1991,Venstre,1990-1994,375,1991-10-01,Yes
Pelle Voigt,0,0.3651483716701107,Pelle Voigt,19911_M9_referat,19911,9,Referat af møde nr. 9 den 24. oktober 1991 kl. 10:00,24-10-1991,11612,1991-10-24T10:00:00Z,1991,Socialistisk Folkeparti,1990-1994,365,1991-10-01,No
Per Tærsbøl,0,0.816496580927726,Per Tærsbøl,19911_M6_referat,19911,6,Referat af møde nr. 6 den 10. oktober 1991 kl. 10:00,10-10-1991,11009,1991-10-10T10:00:00Z,1991,Det Konservative Folkeparti,1990-1994,81,1991-10-01,Yes
Pernille Forchhammer,0,0.7071067811865476,Pernille Forchhammer,19911_M4_referat,19911,4,Referat af møde nr. 4 den 8. oktober 1991 kl. 13:00,08-10-1991,10847,1991-10-08T13:00:00Z,1991,Socialdemokratiet,1990-1994,191,1991-10-01,No
Pernille Frahm,0,0.4714045207910317,Pernille Frahm,19911_M6_referat,19911,6,Referat af møde nr. 6 den 10. oktober 1991 kl. 10:00,10-10-1991,11020,1991-10-10T10:00:00Z,1991,Socialistisk Folkeparti,1990-1994,299,1991-10-01,No
Pernille Sams,0,0.44721359549995793,Pernille Sams,19911_M12_referat,19911,12,Referat af møde nr. 12 den 31. oktober 1991 kl. 10:00,31-10-1991,11977,1991-10-31T10:00:00Z,1991,Det Konservative Folkeparti,1990-1994,121,1991-10-01,Yes
Peter Brixtofte,0,0.4714045207910317,Peter Brixtofte,19911_M3_referat,19911,3,Referat af møde nr. 3 den 3. oktober 1991 kl. 10:00,03-10-1991,10650,1991-10-03T10:00:00Z,1991,Venstre,1990-1994,410,1991-10-01,Yes
Peter Duetoft,0.334578672889401,0.43988289802698866,Duetoft,19911_M10_referat,19911,10,Referat af møde nr. 10 den 29. oktober 1991 kl. 13:00,29-10-1991,11662,1991-10-29T13:00:00Z,1991,Centrum-Demokraterne,1990-1994,232,1991-10-01,No
Pia Christmas-Møller,0,0.2672612419124244,Pia Christmas-Møller,19911_M6_referat,19911,6,Referat af møde nr. 6 den 10. oktober 1991 kl. 10:00,10-10-1991,11118,1991-10-10T10:00:00Z,1991,Det Konservative Folkeparti,1990-1994,274,1991-10-01,Yes
Pia Gjellerup,0.024949240722917924,0.33431425942176923,Pia Gjellerup,19911_M7_referat,19911,7,Referat af møde nr. 7 den 22. oktober 1991 kl. 13:00,22-10-1991,11145,1991-10-22T13:00:00Z,1991,Socialdemokratiet,1990-1994,239,1991-10-01,No
Pia Kjærsgaard,0.837371001281053,0.277754541821813,Pia Kjærsgaard,19911_M3_referat,19911,3,Referat af møde nr. 3 den 3. oktober 1991 kl. 10:00,03-10-1991,10658,1991-10-03T10:00:00Z,1991,Fremskridtspartiet,1990-1994,257,1991-10-01,No
Pia Larsen,-0.07492311790509272,0.2537438354556004,Pia Larsen,19911_M5_referat,19911,5,Referat af møde nr. 5 den 9. oktober 1991 kl. 13:00,09-10-1991,10888,1991-10-09T13:00:00Z,1991,Venstre,1990-1994,77,1991-10-01,Yes
Poul Andersen,-0.4285087541972791,0.524153469892672,Poul Andersen,19911_M5_referat,19911,5,Referat af møde nr. 5 den 9. oktober 1991 kl. 13:00,09-10-1991,10919,1991-10-09T13:00:00Z,1991,Socialdemokratiet,1990-1994,225,1991-10-01,No
Poul Erik Dyrlund,0,0.6324555320336759,Poul Erik Dyrlund,19911_M9_referat,19911,9,Referat af møde nr. 9 den 24. oktober 1991 kl. 10:00,24-10-1991,11518,1991-10-24T10:00:00Z,1991,Socialdemokratiet,1990-1994,1012,1991-10-01,No
Poul Nyrup Rasmussen,0,0.28867513459481287,Nyrup Rasmussen,19911_M4_referat,19911,4,Referat af møde nr. 4 den 8. oktober 1991 kl. 13:00,08-10-1991,10732,1991-10-08T13:00:00Z,1991,Socialdemokratiet,1990-1994,966,1991-10-01,No
Poul Nødgaard,0,0.3535533905932738,Poul Nødgaard,19911_M9_referat,19911,9,Referat af møde nr. 9 den 24. oktober 1991 kl. 10:00,24-10-1991,11500,1991-10-24T10:00:00Z,1991,Fremskridtspartiet,1990-1994,176,1991-10-01,No
Poul Qvist Jørgensen,0,0.6324555320336759,Qvist Jørgensen,19911_M12_referat,19911,12,Referat af møde nr. 12 den 31. oktober 1991 kl. 10:00,31-10-1991,11935,1991-10-31T10:00:00Z,1991,Socialdemokratiet,1990-1994,517,1991-10-01,No
Poul Schlüter,0,0.5773502691896257,Poul Schlüter,19911_M3_referat,19911,3,Referat af møde nr. 3 den 3. oktober 1991 kl. 10:00,03-10-1991,10694,1991-10-03T10:00:00Z,1991,Det Konservative Folkeparti,1990-1994,284,1991-10-01,Yes
Sonja Albrink,0,0.6324555320336759,Sonja Albrink,19911_M11_referat,19911,11,Referat af møde nr. 11 den 30. oktober 1991 kl. 13:00,30-10-1991,11822,1991-10-30T13:00:00Z,1991,Centrum-Demokraterne,1990-1994,149,1991-10-01,No
Sonja Mikkelsen,-0.18612129679611164,0.2620414896705124,Sonja Mikkelsen,19911_M5_referat,19911,5,Referat af møde nr. 5 den 9. oktober 1991 kl. 13:00,09-10-1991,10894,1991-10-09T13:00:00Z,1991,Socialdemokratiet,1990-1994,151,1991-10-01,No
Steen Gade,0.24030297354388672,0.13155469029475747,Gade,19911_M10_referat,19911,10,Referat af møde nr. 10 den 29. oktober 1991 kl. 13:00,29-10-1991,11668,1991-10-29T13:00:00Z,1991,Socialistisk Folkeparti,1990-1994,1414,1991-10-01,No
Steffen Kjærulff-Schmidt,0,0.7071067811865476,Steffen Kjærulff-Schmidt,19911_M11_referat,19911,11,Referat af møde nr. 11 den 30. oktober 1991 kl. 13:00,30-10-1991,11796,1991-10-30T13:00:00Z,1991,Fremskridtspartiet,1990-1994,244,1991-10-01,No
Svend Auken,0,0.2721655269759087,Svend Auken,19911_M4_referat,19911,4,Referat af møde nr. 4 den 8. oktober 1991 kl. 13:00,08-10-1991,10719,1991-10-08T13:00:00Z,1991,Socialdemokratiet,1990-1994,596,1991-10-01,No
Svend Heiselberg,0.23866604361863136,0.2845310473660631,Svend Heiselberg,19911_M7_referat,19911,7,Referat af møde nr. 7 den 22. oktober 1991 kl. 13:00,22-10-1991,11247,1991-10-22T13:00:00Z,1991,Venstre,1990-1994,78,1991-10-01,Yes
Svend Taanquist,0,0.5,Taanquist,19911_M9_referat,19911,9,Referat af møde nr. 9 den 24. oktober 1991 kl. 10:00,24-10-1991,11472,1991-10-24T10:00:00Z,1991,Socialdemokratiet,1990-1994,272,1991-10-01,No
Svend Aage Jensen,0,0.5345224838248488,Svend Aage Jensen,19911_M11_referat,19911,11,Referat af møde nr. 11 den 30. oktober 1991 kl. 13:00,30-10-1991,11873,1991-10-30T13:00:00Z,1991,Centrum-Demokraterne,1990-1994,359,1991-10-01,No
Søren Riishøj,0,0.816496580927726,Riishøj,19911_M11_referat,19911,11,Referat af møde nr. 11 den 30. oktober 1991 kl. 13:00,30-10-1991,11774,1991-10-30T13:00:00Z,1991,Socialistisk Folkeparti,1990-1994,185,1991-10-01,No
Thor Pedersen,0,0.6324555320336759,Thor Pedersen,19911_M8_referat,19911,8,Referat af møde nr. 8 den 23. oktober 1991 kl. 13:00,23-10-1991,11357,1991-10-23T13:00:00Z,1991,Venstre,1990-1994,229,1991-10-01,Yes
Tom Behnke,0.07873222901373583,0.35797831675553604,Tom Behnke,19911_M12_referat,19911,12,Referat af møde nr. 12 den 31. oktober 1991 kl. 10:00,31-10-1991,11923,1991-10-31T10:00:00Z,1991,Fremskridtspartiet,1990-1994,574,1991-10-01,No
Tommy Dinesen,-0.023196928010032956,0.21292586040067427,Tommy Dinesen,19911_M9_referat,19911,9,Referat af møde nr. 9 den 24. oktober 1991 kl. 10:00,24-10-1991,11504,1991-10-24T10:00:00Z,1991,Socialistisk Folkeparti,1990-1994,292,1991-10-01,No
Torben Lund,0,0.5773502691896257,Torben Lund,19911_M3_referat,19911,3,Referat af møde nr. 3 den 3. oktober 1991 kl. 10:00,03-10-1991,10587,1991-10-03T10:00:00Z,1991,Socialdemokratiet,1990-1994,358,1991-10-01,No
Tove Lindbo Larsen,0,0.4714045207910317,Tove Lindbo Larsen,19911_M11_referat,19911,11,Referat af møde nr. 11 den 30. oktober 1991 kl. 13:00,30-10-1991,11720,1991-10-30T13:00:00Z,1991,Socialdemokratiet,1990-1994,209,1991-10-01,No
Uffe Ellemann-Jensen,0.3492097301179762,0.2265975182831756,Ellemann-Jensen,19911_M10_referat,19911,10,Referat af møde nr. 10 den 29. oktober 1991 kl. 13:00,29-10-1991,11630,1991-10-29T13:00:00Z,1991,Venstre,1990-1994,203,1991-10-01,Yes
Villy Søvndal,0,0.6324555320336759,Villy Søvndal,19911_M6_referat,19911,6,Referat af møde nr. 6 den 10. oktober 1991 kl. 10:00,10-10-1991,11044,1991-10-10T10:00:00Z,1991,Socialdemokratiet,1990-1994,199,1991-10-01,No
Aage Brusgaard,0,0.4714045207910317,Aage Brusgaard,19911_M8_referat,19911,8,Referat af møde nr. 8 den 23. oktober 1991 kl. 13:00,23-10-1991,11313,1991-10-23T13:00:00Z,1991,Fremskridtspartiet,1990-1994,500,1991-10-01,No
